explication,label
"A afirmação do vídeo é um fato. A pesquisa validou que nenhum dos itens mostrados (película de celular, antena parabólica, metade de um tijolo e meia esquerda) é comestível. Ingeri-los pode causar sérios danos à saúde devido aos materiais e substâncias presentes nesses objetos. O vídeo claramente visa o humor, usando o absurdo da sugestão para gerar entretenimento.",0
"Com base na análise da imagem e nos resultados da pesquisa fornecidos, não é possível confirmar ou negar a veracidade da afirmação. Embora a pesquisa indique que existem casos semelhantes de indivíduos na Índia que realizaram projetos de restauração de lagos para suas comunidades, não há confirmação específica sobre o homem na imagem ou se ele realmente cavou um lago por 27 anos. Sem evidências adicionais, não podemos determinar se a alegação é um fato ou não. É possível que seja verdadeira, dado o contexto de esforços individuais na Índia, mas a falta de informações impede uma conclusão definitiva.",1
"O vídeo retrata um evento real, provavelmente o aniversário da cidade de São Paulo, onde a distribuição de um bolo gigante gerou tumulto e desorganização. A legenda ""LET THEM EAT CAKE"" adiciona uma camada de crítica social, sugerindo que a oferta do bolo pode ser uma medida superficial que não resolve os problemas de desigualdade e necessidade da população. A análise dos temas confirma que tanto a tradição do bolo gigante quanto o risco de caos em distribuições de comida são reais.",2
"Com base nas pesquisas fornecidas, a alegação da imagem de que ""Cientistas descobrem novo tratamento com células T que pode fazer o cabelo crescer"" é um fato. As pesquisas indicam que há avanços promissores no uso de células T, especialmente Tregs, para regenerar folículos capilares e estimular o crescimento capilar, ativando células-tronco da pele. No entanto, é importante notar que muitos desses tratamentos ainda estão em fase de pesquisa e desenvolvimento. Embora o conteúdo da imagem se alinhe com as pesquisas atuais, é essencial buscar informações de fontes confiáveis antes de considerar qualquer tratamento capilar.",2
"Não é possivel determinar a veracidade da postagem devido a falta de informações",1
"A postagem possui um teor engraçado, visto que apresenta elementos fora de contexto.",0
"A legenda ""Anota aí pra não errar…"" indica que o vídeo a seguir pretende dar informações importantes para não cometer erros. O vídeo ilustra cinco itens que, segundo o vídeo, não se deve comer depois de acordar: película de celular, antena parabólica, metade de um tijolo e meia esquerda. A análise das pesquisas confirma que a ingestão de cada um dos itens mencionados é perigosa e pode acarretar sérios problemas de saúde. Portanto, o vídeo apresenta informações verdadeiras sobre os riscos de consumir os objetos listados. Trata-se de um conteúdo enganoso que usa informações reais sobre os perigos da ingestão de objetos indevidos para criar um vídeo informativo com tom de humor.",0
"Com base na análise da imagem e nos resultados da pesquisa fornecidos, a afirmação de que as vendas de terras raras do Brasil para a China triplicaram em 2025 é um fato. A pesquisa confirma que as exportações triplicaram no primeiro semestre de 2025 em comparação com o total de 2024, atingindo US$ 6,7 milhões. Embora esse valor represente uma pequena parcela do total das exportações, a importância estratégica das terras raras para a indústria de alta tecnologia justifica a atenção dada ao aumento das vendas. Portanto, a legenda da imagem reflete informações precisas e verificadas.", 2
"Com base nas pesquisas fornecidas e no conteúdo do vídeo, a postagem é uma obra de sátira. O vídeo, publicado por @ofelipebustamante, usa o humor de baixo calão para satirizar o estereótipo de ""mulher com humor de quinta série"". A legenda ""Quem é Mário?"" no final, junto com a expressão da mulher, sugere uma situação cômica e não uma alegação factual. A veracidade reside na intenção do criador de entreter, não de informar.",0
"A mensagem original e os resultados da pesquisa indicam que a veracidade da história do homem que cavou um lago por 27 anos é indeterminada. Apesar de existirem relatos de trabalhos notáveis realizados por indianos, não há confirmação específica para essa alegação. A ausência de notícias e a impossibilidade de analisar o vídeo do YouTube impedem a verificação. Portanto, a mensagem inicial está correta ao sugerir que a história pode conter elementos de licença poética, sendo impossível confirmar sua veracidade com as informações disponíveis.",1
"A alegação da imagem é conteúdo enganoso. Embora estudos apontem que lágrimas de camelos imunizados com veneno possuem anticorpos neutralizantes, a afirmação de que ""uma gota"" pode neutralizar ""26 cobras"" é uma simplificação exagerada, sem comprovação científica. As pesquisas indicam um potencial para antídotos, mas não confirmam a potência divulgada na imagem.",0
"Com base nas pesquisas, o tungstênio apresenta características físico-químicas que o tornam adequado tanto para munições perfurantes quanto para blindagens, comprovando o uso em placas balísticas e munições. A estabilidade e resistência à corrosão são fatos. O uso em coletes militares também. O tungstênio foi estratégico na 2ª Guerra Mundial. A veracidade é confirmada, porém, sob ressalvas de oxidação em condições extremas.",2
"Com base nas informações fornecidas, a alegação da imagem é muito provavelmente verdadeira. As pesquisas confirmam que Frei Gilson se apresentou no Festival Halleluya 2025 em Fortaleza, Ceará, e atraiu uma grande multidão. Embora os números exatos do público variem entre as fontes, todas concordam que foi uma audiência significativa, com algumas estimativas chegando a 300 mil pessoas. Portanto, a imagem, que mostra Frei Gilson falando para uma multidão com a legenda mencionando o público de 300 mil pessoas no festival, corresponde aos dados apurados nas pesquisas.",2
"A imagem e o texto formam um conteúdo que explora o contraste entre as preocupações de ricos e pobres, sendo provavelmente uma sátira social. A imagem de uma explosão urbana serve como pano de fundo dramático, enquanto a frase destaca a disparidade de prioridades entre as classes. A imagem da explosão é genérica e o texto reflete discussões sobre desigualdade. Não há indícios de manipulação da imagem em si, mas o conjunto pode ser interpretado como uma forma de crítica social, enquadrando-se na categoria de sátira.",0
"O post é **conteúdo enganoso**. A imagem ilustra a crioterapia para câncer de mama, uma técnica real. Estudos indicam alta eficácia em casos específicos (tumores pequenos, estágio inicial), mas o post generaliza, afirmando ""100% de eficácia"". Isso é enganoso, pois a eficácia depende de vários fatores, e a crioablação pode ser combinada com outras terapias. A alegação de 100% pode induzir a interpretações equivocadas.",0
"A imagem é um conteúdo fabricado de humor. A ""Dolangue News"" é um site de notícias satíricas, indicando que a imagem não é uma notícia real. A história da briga generalizada em uma padaria após o pedido de um ""misto quente do amor"" com cobertura vermelha não foi encontrada em fontes confiáveis. Portanto, a imagem é uma montagem humorística.",0
"Com base nas pesquisas, o conteúdo é classificado como **sátira ou paródia**.**Explicação:** O vídeo mostra um pintinho se movendo de forma engraçada, mas a legenda adiciona um tom humorístico ao exagerar a situação, alegando ""passos de alto nível de dificuldade"" e ""emoção"" extrema. A fonte, ""DolangueNews"", se autodeclara como um site de notícias de humor, reforçando a intenção de entretenimento. A localização em Nova Odessa-SP não pôde ser confirmada, e a reação do público é provavelmente exagerada. O objetivo principal é criar humor, e não informar factualmente.",0
"A imagem é fake. A análise indica que se trata de uma montagem satírica do site ""Dolangue News"", conhecido por seu conteúdo humorístico. As alegações sobre Lula declarar o ""morango do amor"" patrimônio nacional e planejar taxar os EUA em 70% são falsas. A fonte é de sátira, e não há registros de tais declarações ou planos. É um exemplo de sátira, com intenção de divertir.",0
"Com base nas pesquisas e na data fornecida (28 de julho de 2025), a imagem é *fato*. As notícias indicam que o governo de Javier Milei está negociando um acordo para permitir a entrada de argentinos nos EUA sem visto, e que este processo está em andamento, com a assinatura de uma carta de intenções. Portanto, a alegação na imagem de que ""Milei anuncia acordo para argentinos entrarem sem visto nos EUA"" é consistente com as informações disponíveis. É importante ressaltar que o acordo ainda não está finalizado, mas as negociações estão em curso.",2
"A imagem, juntamente com a pesquisa, indica que a informação é factual. A imagem mostra Alexandre de Moraes e um texto da Gazeta do Povo informando que ele proibiu o uso de fardas em interrogatórios de réus no caso do ""suposto golpe"". A pesquisa confirma que essa proibição realmente ocorreu, gerando controvérsia, e apresenta a justificativa da decisão: a acusação é individual, não institucional. Logo, a informação apresentada na imagem é considerada verdadeira.",2
"Com base nas pesquisas fornecidas, a imagem é considerada um fato. As pesquisas confirmam que a foto retrata Jair Bolsonaro e está associada a uma notícia real da ""Gazeta do Povo"". A legenda que acompanha a imagem, sobre mensagens encontradas no celular de Bolsonaro revelando articulações para manter sua base aliada unida, também é confirmada pelas pesquisas. As mensagens foram extraídas de um celular apreendido pela Polícia Federal em maio de 2023 e tratam de diversos temas.",2
"A imagem mostra uma montagem com fotos de Lula e Trump, acompanhada da manchete: ""Lula pede que Trump deixe 'divergência de lado' e reflita sobre 'a importância do Brasil'"". Segundo a pesquisa, a imagem é verídica e a declaração foi dada em 28 de julho de 2025, durante um evento no Rio de Janeiro. O pedido de Lula ocorreu em resposta à imposição de tarifas de 50% por Trump sobre produtos brasileiros, motivada pelo tratamento dado a Bolsonaro. Lula criticou as tarifas e acusou Jair e Eduardo Bolsonaro de lobby contra o Brasil. As relações Brasil-EUA estariam tensas devido a tarifas e outras questões. Diante da pesquisa, a notícia é um fato.",2
"Com base nas informações fornecidas e considerando que a data de referência é 28 de julho de 2025, a análise indica que a imagem reflete uma situação econômica real e recente. O aumento do dólar, influenciado por um acordo comercial entre EUA e UE, e a menção a uma ""Semana Decisiva do Tarifaço"" são consistentes com o cenário descrito. Dado que a pesquisa confirma a alta do dólar na data especificada e a influência de um acordo EUA-UE, além de preocupações sobre tarifas, é muito provável que a imagem represente um fato.",2
"A análise indica que a imagem da água-viva com bioluminescência é provavelmente autêntica, embora possa ter aprimoramentos digitais. A pesquisa confirma que várias espécies de águas-vivas possuem a capacidade de gerar luz através de reações químicas, e as cores vibrantes (amarelo, roxo e azul) são características observadas em algumas dessas espécies. A transparência do corpo, que permite visualizar a luz interna, também é uma característica real. No entanto, a pesquisa ressalta que imagens geradas por IA podem exibir características semelhantes, e um realce digital para intensificar as cores é possível. Portanto, sem uma análise forense da imagem, é difícil confirmar a ausência de manipulação.",1
"Com base na análise da imagem e nas pesquisas fornecidas, a alegação de que a pele realista impressa em 3D com células vivas mostrada na imagem tem como objetivo substituir testes em animais é um fato. A tecnologia de impressão 3D de pele humana é uma realidade e está sendo desenvolvida como uma alternativa ética e eficaz aos testes em animais para cosméticos, medicamentos e produtos químicos. Há avanços na criação de modelos de pele mais complexos, com aplicações em diversas áreas, incluindo pesquisa de doenças e tratamento de queimaduras. Além disso, há um movimento global em direção à proibição ou eliminação gradual dos testes em animais, inclusive no Brasil, com projetos de lei e resoluções nesse sentido.",2
"A afirmação da imagem é enganosa. É verdade que seres vivos emitem luz, mas a emissão de fótons ultrafracos (EFU) é fraca e invisível a olho nu, diminuindo após a morte. A bioluminescência, por sua vez, é restrita a certos organismos. O termo ""brilho assustador"" é sensacionalista, pois a EFU é um fenômeno natural, não algo temível. A imagem manipula o conceito científico para criar um efeito dramático, induzindo o público a uma interpretação errônea dos fatos.",0
"O conteúdo do vídeo apresenta uma situação onde um dos amigos compartilha uma informação sensível sobre o falecimento de sua mãe, enquanto o outro reage de forma inadequada, com risadas. As pesquisas confirmam que reações ao luto variam, e a do amigo pode ser interpretada como falta de sensibilidade. O humor negro, usado para lidar com dor, pode ser ofensivo dependendo do contexto. A legenda ""O cara que eu chamo de amigo"" sugere uma relação próxima, mas a reação questionável gera estranhamento. Dado o contexto e as informações disponíveis, o vídeo não se enquadra em sátira, conteúdo enganoso ou fabricado. O mais provável é que a reação seja genuína, embora inadequada, ou encenada para fins de humor negro. Portanto, não é possível afirmar que o vídeo seja falso, mas sim que a reação é controversa e passível de diferentes interpretações.",0
"Com base na análise das informações e do vídeo, o conteúdo é considerado um fato. As imagens do drone confirmam a presença do comboio armado em Bangu e a viatura da PM que não reage. A disputa entre milicianos e traficantes na região, o ataque a milicianos no Catiri com uma morte, e a mulher baleada na Zona Oeste, são eventos noticiados. A Corregedoria da PM apura a conduta dos policiais, conforme o vídeo e a legenda indicam. Assim, todos os elementos factuais da legenda encontram respaldo nas evidências e notícias.",2
"A imagem, com a legenda ""Eu descobrindo a nova lombada que a prefeitura colocou"", é classificada como **sátira ou paródia**. A pesquisa indica que carros não voam sobre lombadas em condições normais. A imagem provavelmente é uma montagem ou meme, pois a situação retratada é exagerada e irreal. Embora existam casos de carros pulando lombadas devido à velocidade ou projeto inadequado, eles não atingem a altura mostrada na imagem. Ferramentas de análise de imagem podem confirmar se a imagem foi manipulada. O objetivo é divertir, mostrando uma situação absurda e fora de contexto.",0
"A alegação de que Elon Musk ""garante"" a imortalidade via Neuralink é enganosa. Musk expressou otimismo sobre a transferência de memórias para máquinas, mas não ""garantiu"" a imortalidade. A Neuralink busca ajudar com problemas neurológicos, com metas futuras ambiciosas, mas a transferência total da mente é um desafio distante. A fonte, ""Fatos Desconhecidos"", tem histórico de informações não confiáveis. Logo, a imagem apresenta conteúdo enganoso.",0
"Com base na análise da imagem e nos resultados da pesquisa fornecidos, o post é um FATO. A imagem mostra Ozzy Osbourne com uma tarja de luto, e a legenda informa sobre seu falecimento aos 76 anos. A pesquisa confirma essa informação, detalhando que Ozzy Osbourne faleceu no dia 22 de julho de 2025, aos 76 anos, após enfrentar problemas de saúde decorrentes do Parkinson. A pesquisa também menciona sua última apresentação em 5 de julho de 2025, consolidando a veracidade da informação.",2
"Analisando a imagem e a pesquisa, a afirmação é um fato. A imagem ilustra a Terra e um objeto distante, com a legenda ""Inédito! Espaçonave vai atingir 1 dia-luz de distância da Terra"". A pesquisa associa essa afirmação à Voyager 1, sonda da NASA lançada em 1977. Segundo a pesquisa, espera-se que a Voyager 1 atinja a distância de um dia-luz da Terra em 2026, o que equivale a 25,9 bilhões de quilômetros. A pesquisa considera a alegação baseada em informações e previsões da NASA, apesar da imagem ser uma representação artística.",2
"A imagem afirma que o Sol, visto no espaço, é branco e que a cor amarela é devido à atmosfera terrestre. Segundo as pesquisas, o Sol emite luz branca (combinação de todas as cores do espectro visível). A atmosfera terrestre dispersa a luz azul, fazendo com que o Sol pareça amarelo. Ao nascer e pôr do sol, a luz viaja por mais atmosfera, dispersando mais luz azul e permitindo que tons laranja/vermelhos dominem. Portanto, a afirmação é um fato.",2
"A imagem, juntamente com a frase sobre o paraquedas, configura um caso de **sátira ou paródia**. A intenção primária não é desinformar, mas sim provocar humor através de uma situação hipotética e exagerada. A frase faz uso de ironia ao sugerir que a falha de um paraquedas acelera a chegada ao ""destino"", quando, na realidade, tal falha pode ter consequências trágicas. As pesquisas corroboram que, embora o paraquedismo tenha seus riscos, há medidas de segurança como o paraquedas reserva. A frase, portanto, deve ser interpretada como uma piada e não como uma informação factual.",0
"A mensagem original é falsa, com uma correção parcial baseada nas pesquisas fornecidas. A afirmação de que o Papa Francisco morreu ""hoje"" (considerando ""hoje"" como 28 de julho de 2025, conforme especificado) é falsa. A pesquisa aponta que o Papa Francisco faleceu em 21 de abril de 2025. A alegação de que o Papa Leão XVII é o sucessor está incorreta. A pesquisa informa que Robert Francis Prevost foi eleito Papa Leão XIV em 8 de maio de 2025, e não Leão XVII. Portanto, a mensagem contém informações fabricadas e enganosas sobre a data da morte do Papa Francisco e a numeração do novo Papa. O nome do sucessor está correto.", 0