text,subcategory
"Esta publicação é uma sátira e não deve ser interpretada como um fato real. Lembre-se que o humor pode ser usado para criticar a realidade.",0
"O conteúdo apresentado é uma paródia, criada com fins humorísticos e de entretenimento. Não leve a sério.",0
"A intenção por trás deste post é a sátira, não a desinformação. O objetivo é provocar reflexão através do riso.",0
"Trata-se de uma obra de ficção com o objetivo de satirizar eventos atuais. Qualquer semelhança com a realidade é propositalmente exagerada.",0
"Este post usa o humor e a paródia para comentar sobre a realidade de forma ácida e crítica.",0
"A natureza desta publicação é puramente satírica. É uma forma de arte e não deve ser confundida com jornalismo.",0
"Este conteúdo foi criado como uma paródia e não representa a verdade dos fatos. A finalidade é a crítica social.",0
"Lembre-se que isto é uma sátira, uma forma de crítica social através do humor. Analise a mensagem por trás da piada.",0
"Ainda que possa parecer real, esta postagem é uma sátira. Verifique sempre a fonte da informação.",0
"O objetivo aqui não é enganar, mas sim satirizar uma situação. A linha entre o humor e o fato pode ser tênue.",0
"Este é um exemplo de paródia, que utiliza o exagero e a ironia para criar humor e criticar.",0
"A fonte desta informação é um veículo conhecido por suas publicações satíricas e humorísticas.",0
"Esta matéria é uma sátira e não possui compromisso com a realidade factual. É entretenimento, não notícia.",0
"O tom jocoso e absurdo desta publicação indica que se trata de uma paródia. O exagero é a chave.",0
"Este conteúdo é uma peça de sátira, não uma notícia verídica. A intenção é fazer rir e pensar.",0
"A finalidade desta postagem é o entretenimento através da paródia. Divirta-se, mas não confunda com a realidade.",0
"Não confunda esta sátira com uma informação jornalística. São gêneros textuais completamente diferentes.",0
"Esta é uma forma de expressão artística conhecida como paródia, protegida pela liberdade de expressão.",0
"O autor desta publicação está utilizando a sátira para fazer uma crítica contundente a um problema social.",0
"Embora possa enganar, a intenção primária aqui é a sátira. O contexto é fundamental para a correta interpretação.",0
"Este meme é uma paródia de uma situação real, mas seu conteúdo é humorístico e não factual.",0
"A notícia pode parecer chocante, mas vem de um site de humor que se especializa em criar paródias da realidade.",0
"O vídeo foi criado por um grupo de comediantes como uma paródia. Não se trata de um evento real.",0
"Esta imagem é uma montagem satírica, não uma fotografia jornalística. Observe os detalhes absurdos.",0
"O artigo imita o estilo de uma reportagem séria, mas é uma sátira do início ao fim. O veículo é de humor.",0
"A 'entrevista' que você leu é uma peça de ficção satírica, não um diálogo real.",0
"Este perfil em redes sociais é dedicado a criar paródias e sátiras sobre o cotidiano.",0
"O produto anunciado neste post não existe, é uma paródia sobre o consumismo.",0
"A declaração atribuída à celebridade é falsa, faz parte de uma publicação satírica.",0
"Este 'documento oficial' é uma paródia bem-humorada de comunicados governamentais.",0
"A natureza exagerada dos eventos descritos indica que esta é uma obra de sátira.",0
"O post satiriza um debate público, não tendo a intenção de ser uma contribuição factual para ele.",0
"Este é um conteúdo de um site humorístico que frequentemente publica sátiras que são confundidas com notícias reais.",0
"A descrição do evento é uma paródia, não uma reportagem. A intenção é a comédia.",0
"Não se deixe enganar pelo formato; esta é uma sátira, não uma notícia.",0
"O post foi criado para ser engraçado e não para informar. Trata-se de uma paródia.",0
"O conteúdo desta página é satírico e não deve ser levado a sério como fonte de informação.",0
"Esta é uma piada, uma paródia. Não tem a intenção de causar danos, mas sim de provocar o riso.",0
"O post é uma sátira social que usa o humor para criticar comportamentos.",0
"Embora pareça uma notícia, o texto é uma paródia de um evento recente.",0
"A publicação satiriza o modo como as notícias são apresentadas na mídia.",0
"Este conteúdo não tem a intenção de enganar, mas de entreter através da sátira.",0
"O post é uma criação ficcional com o intuito de parodiar figuras públicas.",0
"Trata-se de um meme satírico, não de um fato. O objetivo é a viralização humorística.",0
"A notícia é claramente uma paródia, vinda de uma fonte conhecida por seu humor.",0
"Esta postagem é uma sátira e não representa as visões ou fatos reais.",0
"O conteúdo é uma paródia e não deve ser compartilhado como uma notícia verdadeira.",0
"A intenção é humorística, não informativa. É uma sátira.",0
"Este artigo é uma paródia. O veículo que o publicou é de entretenimento satírico.",0
"O post é uma obra de sátira, não tendo qualquer base na realidade.",0
"Este conteúdo é uma paródia humorística de eventos sérios.",0
"O texto é uma sátira e seu propósito é a crítica através do humor.",0
"A publicação é uma paródia e não deve ser interpretada literalmente.",0
"Trata-se de uma sátira, não de uma informação verídica.",0
"Este é um conteúdo satírico. Não tem a intenção de ser factual.",0
"A postagem é uma paródia de um estilo de vida, não um documentário.",0
"O conteúdo é uma sátira. A fonte é um conhecido site de humor.",0
"Esta é uma peça satírica, não um artigo de notícias.",0
"O post é uma paródia e seu objetivo é o humor, não a informação.",0
"Trata-se de uma sátira, uma forma de arte que usa o humor para comentar sobre a sociedade.",0
"A publicação é uma paródia de um filme famoso, não um fato real.",0
"Este conteúdo é uma sátira política e não deve ser visto como uma reportagem.",0
"O post é uma paródia e não tem a intenção de enganar, mas sim de fazer rir.",0
"A notícia é uma sátira. O site que a publicou é conhecido por suas paródias.",0
"Esta é uma paródia, não uma notícia real. O tom é de comédia.",0
"O conteúdo é satírico e não deve ser interpretado como fato.",0
"A publicação é uma sátira e não deve ser compartilhada como informação.",0
"Trata-se de uma paródia. A intenção é a crítica humorística.",0
"Este post é uma sátira, não uma notícia. O objetivo é o entretenimento.",0
"O conteúdo é uma paródia de um programa de TV, não um evento real.",0
"A notícia é uma sátira e a fonte é um site de comédia.",0
"Esta postagem é uma paródia, não um fato verídico.",0
"O conteúdo é uma sátira e seu propósito é puramente humorístico.",0
"Trata-se de uma sátira, não de uma notícia. O objetivo é a comédia.",0
"A publicação é uma paródia. Não confunda com a realidade.",0
"Este post é uma sátira. O autor usa o humor para criticar.",0
"O conteúdo é uma paródia. A intenção é a diversão, não a informação.",0
"A notícia é uma sátira de um evento político. Não é real.",0
"Esta postagem é uma paródia e não deve ser levada a sério.",0
"O conteúdo é uma sátira e não tem base factual.",0
"Trata-se de uma paródia. A finalidade é a crítica social humorística.",0
"A publicação é uma sátira. O tom exagerado é a principal pista.",0
"Este post é uma sátira, não uma reportagem jornalística.",0
"O conteúdo é uma paródia e não deve ser confundido com notícia.",0
"A notícia é uma sátira e a fonte é um conhecido portal de humor.",0
"Esta postagem é uma paródia. O conteúdo é ficcional.",0
"O conteúdo é uma sátira e visa o entretenimento.",0
"Trata-se de uma paródia, não de uma informação séria.",0
"A publicação é uma sátira, não um fato.",0
"Este post é uma sátira. Não compartilhe como se fosse verdade.",0
"O conteúdo é uma paródia. O objetivo é a comédia e a crítica.",0
"A notícia é uma sátira. Verifique a fonte antes de acreditar.",0
"Esta postagem é uma paródia, não uma notícia verídica.",0
"O conteúdo é satírico e não deve ser interpretado como real.",0
"Trata-se de uma paródia. A intenção é a crítica através do riso.",0
"A publicação é uma sátira. O conteúdo é humorístico.",0
"Este post é uma sátira. A informação não é factual.",0
"O conteúdo é uma paródia, não um relato verdadeiro.",0
"A notícia é uma sátira de um fato conhecido. Não é real.",0
"Esta postagem é uma paródia. O objetivo é o humor.",0
"O conteúdo é uma sátira e não tem a intenção de enganar.",0
"Trata-se de uma paródia. O tom é de brincadeira.",0
"A publicação é uma sátira, não uma reportagem.",0
"Este post é uma sátira. O conteúdo é ficcional e humorístico.",0
"O conteúdo é uma paródia e não deve ser levado a sério.",0
"A notícia é uma sátira. A fonte é um site de entretenimento.",0
"Esta postagem é uma paródia. Não é uma informação real.",0
"O conteúdo é satírico e não informativo.",0
"Trata-se de uma paródia. O objetivo é a crítica bem-humorada.",0
"A publicação é uma sátira. Não se baseia em fatos.",0
"Este post é uma sátira. O conteúdo é exagerado para criar humor.",0
"O conteúdo é uma paródia. A intenção é a sátira social.",0
"A notícia é uma sátira. Não confunda com jornalismo.",0
"Esta postagem é uma paródia, não um fato.",0
"O conteúdo é uma sátira. O objetivo é a comédia.",0
"Trata-se de uma paródia. O conteúdo é inventado.",0
"A publicação é uma sátira. A fonte é humorística.",0
"Este post é uma sátira. A informação é falsa.",0
"O conteúdo é uma paródia. Não é uma notícia.",0
"A notícia é uma sátira. O conteúdo é ficção.",0
"Esta postagem é uma paródia. O objetivo é o entretenimento.",0
"O conteúdo é uma sátira e não tem a intenção de desinformar.",0
"Trata-se de uma paródia. O tom é de piada.",0
"A publicação é uma sátira, não um documento.",0
"Este post é uma sátira. O conteúdo não é verdadeiro.",0
"O conteúdo é uma paródia. Não é para ser levado a sério.",0
"A notícia é uma sátira. A fonte é um site de humor.",0
"Esta postagem é uma paródia. A informação não é correta.",0
"O conteúdo é satírico e não tem valor jornalístico.",0
"Trata-se de uma paródia. O objetivo é a crítica social.",0
"A publicação é uma sátira. O conteúdo é deliberadamente falso.",0
"Este post é uma sátira. O conteúdo é ficção humorística.",0
"O conteúdo é uma paródia. A intenção é a comédia.",0
"A notícia é uma sátira. Não é um fato real.",0
"Esta postagem é uma paródia. O objetivo é a diversão.",0
"O conteúdo é uma sátira. Não é uma reportagem séria.",0
"Trata-se de uma paródia. O conteúdo é humorístico.",0
"A publicação é uma sátira, não uma notícia.",0
"Este post é uma piada; a fonte é um site de comédia conhecido por suas paródias.",0
"A notícia foi criada por um grupo de humor e não deve ser levada como fato.",0
"O caráter absurdo da afirmação indica que se trata de uma sátira, não de uma notícia real.",0
"A publicação utiliza a ironia para satirizar um comportamento social, não para informar.",0
"Este perfil é conhecido por criar memes e paródias sobre eventos atuais.",0
"Não se trata de um furo jornalístico, mas de uma criação humorística e satírica.",0
"O 'estudo' mencionado na postagem é fictício e faz parte de uma paródia.",0
"O tom da escrita é de deboche, o que caracteriza o conteúdo como sátira.",0
"A imagem, apesar de parecer real, é uma montagem com propósito humorístico e satírico.",0
"Este conteúdo foi feito para divertir e criticar, sendo uma paródia da realidade.",0
"Leia com atenção e perceba o exagero: é uma sátira, não uma reportagem.",0
"O site que publicou isso se descreve como um portal de 'notícias ficcionais'.",0
"A intenção não é enganar, mas sim usar a paródia como forma de comentário social.",0
"Este vídeo é uma esquete de comédia, não um flagrante real.",0
"A citação atribuída à figura pública é inventada e faz parte de uma sátira.",0
"O título desta matéria não corresponde ao conteúdo do texto. É uma isca de cliques.",1
"A imagem utilizada nesta publicação não tem relação com a notícia. Foi usada para chocar.",1
"A legenda desta foto cria uma narrativa que não é sustentada pelo artigo. Leia o texto completo.",1
"Este post utiliza um título sensacionalista para atrair cliques, mas o conteúdo é outro. Isso é desonesto.",1
"Há uma clara desconexão entre a chamada da matéria e o que ela de fato informa. Não se deixe enganar.",1
"A imagem de capa foi escolhida para chocar, mas não ilustra o evento noticiado. É manipulação.",1
"O título promete uma informação que não é entregue no corpo do texto. A matéria não cumpre o que anuncia.",1
"A legenda e a imagem são de eventos distintos e foram unidas para enganar o leitor.",1
"Este é um caso de 'caça-cliques', onde o título não reflete o conteúdo. A intenção é apenas gerar tráfego.",1
"A manchete é enganosa e não representa o teor da reportagem. Leia criticamente.",1
"A imagem utilizada é de um acontecimento antigo e foi reaproveitada fora de contexto para gerar mais cliques.",1
"O texto fala sobre um assunto, mas o título e a imagem sugerem outro completamente diferente para atrair sua atenção.",1
"A legenda da imagem distorce o que realmente está acontecendo na cena. É uma falsa representação.",1
"Cuidado: o título cria uma expectativa que o conteúdo não cumpre. A frustração é o resultado.",1
"A imagem foi retirada de um banco de imagens e não tem relação direta com o fato noticiado.",1
"O título é uma pergunta cuja resposta não se encontra no texto. A curiosidade é usada como isca.",1
"A matéria utiliza uma imagem impactante que não tem a ver com a notícia para gerar engajamento.",1
"A legenda da foto é falsa e foi criada para se ajustar a uma narrativa específica e enganosa.",1
"A chamada da publicação é enganosa e leva a uma interpretação errada dos fatos antes mesmo da leitura.",1
"Existe uma divergência proposital entre o título e o conteúdo da postagem para maximizar os cliques.",1
"A miniatura do vídeo (thumbnail) não tem relação com o conteúdo apresentado.",1
"O título e o conteúdo são sobre assuntos diferentes. Isso é feito para atrair leitores com temas polêmicos.",1
"A imagem de destaque não corresponde aos fatos descritos na reportagem.",1
"O post usa uma imagem de um filme como se fosse um evento real para ilustrar a matéria.",1
"O título bombástico não se sustenta com a leitura do artigo, que é vago e inconclusivo.",1
"A legenda da imagem foi criada para induzir ao erro, não correspondendo à realidade da cena.",1
"O conteúdo não tem relação com o título, que foi criado apenas para gerar receita com publicidade.",1
"A foto é de outro país, mas a legenda afirma que o evento ocorreu aqui.",1
"O título sugere uma grande revelação, mas o texto apenas repete informações já conhecidas.",1
"A imagem foi associada a um texto que não a descreve corretamente.",1
"A matéria tem um título que não condiz com a informação veiculada. É uma prática de desinformação.",1
"A legenda e a foto não têm conexão. A imagem é meramente ilustrativa e enganosa.",1
"O título foi feito para gerar cliques, mas a matéria em si é sobre outro tema.",1
"A imagem não tem a ver com a notícia, foi usada apenas para causar impacto visual.",1
"O título é uma isca e o conteúdo não entrega o que foi prometido. Não caia nessa.",1
"A legenda da foto cria uma história falsa que não tem base no que a imagem mostra.",1
"A chamada da matéria é sensacionalista e o conteúdo é superficial e não relacionado.",1
"O título e a imagem não têm relação com o texto. É uma tentativa de enganar o algoritmo.",1
"A foto é real, mas o texto que a acompanha descreve um evento fictício.",1
"O post usa um título enganoso para fazer você clicar e ler um conteúdo que não interessa.",1
"A imagem e o título são uma isca para um conteúdo que não tem relação com eles.",1
"A matéria usa um título polêmico para discutir um assunto banal.",1
"A legenda não descreve a imagem, apenas a utiliza para promover uma ideia sem conexão.",1
"O título cria uma polêmica que não existe no conteúdo do post.",1
"A imagem é de um evento diferente do que a matéria noticia.",1
"O título é enganoso e o conteúdo não tem a ver com ele. É apenas para ganhar cliques.",1
"A legenda da foto é deliberadamente falsa para criar uma narrativa que não é real.",1
"A chamada da matéria não tem correspondência com o texto. É uma fraude intelectual.",1
"O título e a imagem foram combinados para enganar, mas não têm relação entre si.",1
"A foto é de um banco de imagens e a notícia é sobre um evento local não relacionado.",1
"O post tem um título atrativo, mas o conteúdo é pobre e não relacionado.",1
"A imagem foi usada fora de contexto para ilustrar uma matéria com a qual não tem ligação.",1
"O título promete uma solução milagrosa, mas o texto é apenas um anúncio.",1
"A legenda da imagem é enganosa e não corresponde à verdade dos fatos.",1
"O título da matéria é uma pergunta que o texto não responde.",1
"A imagem e a legenda não se correspondem, criando uma falsa impressão.",1
"O título é uma afirmação forte que o conteúdo da matéria não consegue provar.",1
"A foto foi usada para ilustrar a matéria, mas não é do evento em questão.",1
"O título é clickbait. O conteúdo é decepcionante e não relacionado.",1
"A legenda da foto é falsa e foi criada para gerar indignação.",1
"A chamada da matéria é uma isca para um conteúdo que não tem a ver com o título.",1
"O título e a imagem são desconexos do texto. É uma estratégia para enganar.",1
"A foto é de um protesto antigo, mas está sendo usada em uma notícia atual.",1
"O post usa um título chamativo para um conteúdo que não tem relevância.",1
"A imagem foi tirada de um filme e usada como se fosse real.",1
"O título promete uma fofoca que não é contada no texto.",1
"A legenda da imagem é inventada e não tem relação com a foto.",1
"O título da matéria não tem nada a ver com o conteúdo. É pura enganação.",1
"A imagem foi usada para chocar, mas não tem relação com os fatos.",1
"O título é uma isca para cliques. O conteúdo é fraco e não entrega o prometido.",1
"A legenda da foto foi alterada para criar uma narrativa falsa.",1
"A chamada da matéria é enganosa e não corresponde ao texto.",1
"O título e a imagem foram usados para criar uma falsa impressão e gerar engajamento.",1
"A foto é ilustrativa, mas a legenda dá a entender que é do evento noticiado.",1
"O post tem um título sensacionalista, mas o conteúdo é vago.",1
"A imagem não tem relação com a notícia, foi usada para atrair a atenção.",1
"O título é uma promessa vazia. O conteúdo não tem relação com ele.",1
"A legenda da imagem cria uma história que não aconteceu.",1
"O título da matéria é enganoso e o texto é sobre outra coisa.",1
"A imagem é de um desastre natural em outro país, usada para ilustrar uma situação local.",1
"O título é uma isca. O conteúdo não tem a ver com a chamada.",1
"A legenda da foto é falsa e visa manipular a opinião do leitor.",1
"A chamada da matéria é uma farsa. O conteúdo é diferente.",1
"O título e a imagem não têm conexão com o texto. É uma técnica para enganar.",1
"A foto é de um exercício militar, mas a legenda fala em guerra.",1
"O post tem um título atraente, mas o conteúdo é irrelevante.",1
"A imagem é de um evento esportivo, mas a matéria fala de política.",1
"O título promete segredos que o texto não revela.",1
"A legenda da imagem é uma mentira descarada.",1
"O título da matéria é falso e o conteúdo é sobre um tema distinto.",1
"A imagem foi usada para ilustrar uma matéria sem nenhuma conexão com ela.",1
"O título é puro clickbait. O conteúdo não vale o clique.",1
"A legenda da foto é enganosa e cria uma narrativa falsa.",1
"A chamada da matéria não corresponde à realidade do texto.",1
"O título e a imagem foram combinados para criar uma mentira.",1
"A foto é de um evento social, mas a legenda fala em protesto.",1
"O post tem um título bombástico, mas o conteúdo é fraco.",1
"A imagem não tem relação com o fato noticiado.",1
"O título é uma isca e o conteúdo não tem relação.",1
"A legenda da imagem é falsa e foi criada para enganar.",1
"O título da matéria não condiz com o texto.",1
"A imagem foi usada para gerar engajamento, mas não tem a ver com a notícia.",1
"O título é enganoso. O conteúdo é outro.",1
"A legenda da foto é uma mentira.",1
"A chamada da matéria é falsa. O texto não corresponde.",1
"O título e a imagem não têm conexão.",1
"A foto é de um filme, não de um evento real.",1
"O post tem um título sensacionalista e conteúdo irrelevante.",1
"A imagem não tem a ver com a notícia.",1
"O título é uma isca para cliques.",1
"A legenda da imagem é falsa.",1
"O título da matéria é enganoso.",1
"A imagem foi usada fora de contexto.",1
"O título não corresponde ao conteúdo.",1
"A legenda da foto é inventada.",1
"A chamada da matéria é uma isca.",1
"O título e a imagem são desconexos.",1
"A foto é de um evento diferente.",1
"O post tem um título atraente e conteúdo pobre.",1
"A imagem não ilustra a notícia.",1
"O título é uma promessa não cumprida.",1
"A legenda da imagem é enganosa.",1
"O título da matéria não é verdadeiro.",1
"A imagem e a legenda criam uma falsa impressão.",1
"O título é uma afirmação não comprovada.",1
"A foto não é do evento em questão.",1
"O título é clickbait e o conteúdo é fraco.",1
"A legenda da foto é manipulada.",1
"A chamada da matéria é enganosa.",1
"O título e a imagem são uma farsa.",1
"A foto é de um evento pacífico, mas a legenda fala em violência.",1
"A foto de capa foi usada como isca, mas o texto não tem nenhuma relação com ela.",1
"O título alarmista não se confirma no conteúdo da matéria, que é sobre outro assunto.",1
"A imagem e a manchete criam uma conexão inexistente para gerar cliques.",1
"Preste atenção: a legenda da foto narra um evento, mas a foto é de outro completamente diferente.",1
"Esta é uma tática de 'clickbait': a chamada é forte, mas o conteúdo é fraco e desconexo.",1
"A miniatura do vídeo (thumbnail) é enganosa e não representa o que é mostrado.",1
"O título fala de 'polêmica', mas o corpo do texto é apenas informativo e genérico.",1
"A foto de uma tragédia é usada para 'ilustrar' uma notícia sem nenhuma relação.",1
"A legenda associa a imagem a uma teoria da conspiração, mas a foto é de um evento banal.",1
"O link promete uma notícia bombástica, mas redireciona para um site de vendas.",1
"O título sugere uma cura milagrosa, mas o texto fala apenas de hábitos saudáveis genéricos.",1
"A imagem chocante não tem a ver com o fato, sendo usada apenas para prender a atenção.",1
"A matéria usa um título com o nome de uma celebridade, mas o texto mal a menciona.",1
"A legenda afirma que a foto é recente, mas uma busca reversa mostra que ela é antiga e de outro contexto.",1
"A manchete cria uma expectativa de um grande anúncio que não se concretiza no texto.",1
"Esta publicação usa dados verdadeiros de forma seletiva para levar a uma conclusão falsa e tendenciosa.",2
"A estatística apresentada está correta, mas a interpretação dela no texto é manipuladora e parcial.",2
"O post omite informações cruciais para distorcer a percepção dos fatos e favorecer um lado.",2
"A citação utilizada é real, mas foi tirada de contexto para alterar seu sentido original e prejudicar alguém.",2
"A imagem é autêntica, mas a forma como é apresentada induz a uma interpretação equivocada dos acontecimentos.",2
"Este conteúdo mistura fatos com opiniões para confundir o leitor e fazê-lo acreditar em uma mentira.",2
"A reportagem foca em um aspecto da verdade para esconder o quadro geral e manipular a opinião pública.",2
"Os dados foram apresentados de maneira a supervalorizar um ponto de vista específico e desmerecer os outros.",2
"A publicação utiliza uma foto real para ilustrar uma história que não é verdadeira, mas que parece plausível.",2
"O texto manipula informações verídicas para construir uma narrativa enganosa e que se encaixa em uma agenda.",2
"A seleção de depoimentos nesta matéria é parcial e visa reforçar um único argumento, ignorando a diversidade de opiniões.",2
"O gráfico mostrado é preciso, mas a análise que o acompanha é tendenciosa e leva a conclusões erradas.",2
"A matéria usa uma informação verdadeira como premissa para desenvolver uma argumentação falsa e sem lógica.",2
"A forma como os fatos são organizados nesta publicação leva a uma interpretação distorcida e maliciosa.",2
"A postagem usa uma linguagem carregada de emoção para manipular a percepção de informações reais.",2
"A imagem é de um protesto, mas a legenda a associa a um evento diferente para enganar e criar confusão.",2
"O uso de adjetivos e advérbios neste texto direciona a interpretação do leitor para um lado da história.",2
"A matéria apresenta apenas os dados que confirmam sua tese, ignorando os que a contradizem. Isso é desonestidade.",2
"A publicação explora uma brecha na informação para criar uma narrativa enganosa e que se espalha rapidamente.",2
"O conteúdo é factualmente correto em partes, mas a conclusão geral é falsa e visa enganar o leitor.",2
"A matéria usa uma verdade para contar uma grande mentira. É uma forma sutil de desinformação.",2
"O post seleciona apenas as informações que interessam para construir um argumento falacioso.",2
"A imagem é real, mas a legenda que a acompanha é completamente falsa e enganosa.",2
"A matéria distorce fatos reais para criar uma narrativa que apoia uma determinada ideologia.",2
"O uso de meias-verdades é a estratégia principal desta publicação para enganar.",2
"A publicação omite o contexto para que a informação, embora verdadeira, seja interpretada de forma errada.",2
"O texto usa de insinuações e ambiguidades para levar o leitor a uma conclusão falsa.",2
"A matéria apresenta uma correlação como se fosse uma relação de causa e efeito, o que é falso.",2
"A publicação usa uma linguagem alarmista para descrever dados que, na realidade, não são preocupantes.",2
"O post utiliza uma foto de um evento para representar outro, com o objetivo de manipular a percepção.",2
"A matéria usa um fato verdadeiro e o exagera para criar uma história mais impactante e enganosa.",2
"A publicação usa uma foto de um ângulo específico para dar uma impressão falsa da situação.",2
"O texto mistura informações verdadeiras com boatos para dar mais credibilidade à mentira.",2
"A matéria usa o depoimento de uma pessoa para generalizar uma situação que é isolada.",2
"A publicação usa um jargão técnico de forma errada para parecer mais confiável e enganar.",2
"O post apresenta uma opinião como se fosse um fato consumado e indiscutível.",2
"A matéria usa uma imagem antiga e a apresenta como se fosse recente para enganar o público.",2
"A publicação tira uma frase de uma entrevista de seu contexto original para criar uma polêmica.",2
"O texto manipula dados estatísticos para que eles se ajustem à narrativa que se quer contar.",2
"A matéria usa uma foto de um evento feliz para ilustrar uma tragédia, confundindo o leitor.",2
"A publicação usa o medo das pessoas para espalhar informações enganosas sobre saúde.",2
"O texto usa uma linguagem vaga e imprecisa para que cada um interprete como quiser, gerando confusão.",2
"A matéria omite a fonte da informação para que não seja possível checar sua veracidade.",2
"A publicação apresenta um caso particular como se fosse uma regra geral, o que é uma falácia.",2
"O post usa uma imagem de um filme ou série como se fosse um registro real de um acontecimento.",2
"A matéria usa a foto de uma pessoa e a acusa de um crime que ela não cometeu.",2
"A publicação edita uma declaração para que ela pareça dizer o oposto do que foi dito.",2
"O texto usa informações desatualizadas como se fossem atuais para provar um ponto.",2
"A matéria usa uma foto de um produto para promover outro, de qualidade inferior.",2
"A publicação cria uma falsa equivalência entre dois argumentos, um deles sem base nenhuma.",2
"O texto usa um título afirmativo para uma informação que é apenas um boato.",2
"A matéria usa uma foto de um desastre natural para pedir doações para uma campanha falsa.",2
"A publicação usa a imagem de uma pessoa doente para promover um remédio falso.",2
"O texto usa a tática de 'jogar a isca e trocar', prometendo uma coisa e entregando outra.",2
"A matéria usa uma foto de uma manifestação para dizer que foi maior do que realmente foi.",2
"A publicação usa uma foto de um animal para contar uma história triste que não é verdadeira.",2
"O texto usa a compaixão das pessoas para espalhar uma história falsa e comovente.",2
"A matéria usa a foto de uma criança para pedir ajuda financeira para um caso que não existe.",2
"A publicação usa uma foto de um famoso para promover um produto que ele não usa.",2
"O texto usa a autoridade de um especialista para validar uma informação que é falsa.",2
"A matéria usa um selo de uma instituição de caridade para aplicar um golpe.",2
"A publicação usa uma foto de um acidente para alertar sobre um perigo que não existe.",2
"O texto usa a esperança das pessoas para vender um produto que não funciona.",2
"A matéria usa a foto de um político para criar uma montagem e espalhar uma mentira.",2
"A publicação usa uma foto de um lugar para dizer que está à venda, quando não está.",2
"O texto usa a curiosidade das pessoas para fazê-las clicar em um link malicioso.",2
"A matéria usa uma foto de um prato de comida para dizer que é de um restaurante, mas não é.",2
"A publicação usa uma foto de um animal exótico para dizer que ele foi encontrado na cidade.",2
"O texto usa a fé das pessoas para espalhar uma mensagem religiosa falsa.",2
"A matéria usa uma foto de um casamento para contar uma história de traição que não aconteceu.",2
"A publicação usa uma foto de uma casa para alugar que não existe.",2
"O texto usa a preocupação dos pais para espalhar um boato sobre a segurança nas escolas.",2
"A matéria usa uma foto de um carro para vender um que está em piores condições.",2
"A publicação usa uma foto de uma pessoa para criar um perfil falso em uma rede social.",2
"O texto usa a vontade das pessoas de emagrecer para vender um produto ineficaz e perigoso.",2
"A matéria usa uma foto de uma viagem para aplicar um golpe de venda de pacotes turísticos.",2
"A publicação usa uma foto de um objeto de valor para anunciar um leilão falso.",2
"O texto usa a necessidade das pessoas de encontrar um emprego para oferecer vagas falsas.",2
"A matéria usa uma foto de um artista para divulgar um show que não vai acontecer.",2
"A publicação usa uma foto de um evento para vender ingressos falsos.",2
"O texto usa a inocência das crianças para espalhar um desafio perigoso na internet.",2
"A matéria usa uma foto de um animal abandonado para arrecadar dinheiro que não será usado para ajudá-lo.",2
"A publicação usa uma foto de uma pessoa idosa para pedir ajuda financeira para um caso falso.",2
"O texto usa a solidariedade das pessoas para pedir doações para uma causa que não existe.",2
"A matéria usa uma foto de um bebê para contar uma história triste e falsa.",2
"A publicação usa uma foto de uma pessoa desaparecida que já foi encontrada.",2
"O texto usa a imagem de uma figura histórica para atribuir a ela uma citação falsa.",2
"A matéria usa uma foto de um protesto em um país para dizer que foi em outro.",2
"A publicação usa uma foto de um fenômeno natural para criar um alarme falso.",2
"O texto usa a imagem de um cientista para promover uma teoria sem base científica.",2
"A matéria usa uma foto de um alimento para dizer que ele tem propriedades que não tem.",2
"A publicação usa uma foto de um lugar para dizer que ele é mal-assombrado.",2
"O texto usa a imagem de uma pessoa famosa para dizer que ela morreu, quando não é verdade.",2
"A matéria usa uma foto de um animal para dizer que ele é de uma espécie que não existe.",2
"A publicação usa uma foto de uma planta para dizer que ela é venenosa, quando não é.",2
"O texto usa a imagem de uma moeda para dizer que ela vale muito dinheiro, quando não vale.",2
"A matéria usa uma foto de um documento para dizer que ele é verdadeiro, quando é falso.",2
"A publicação usa uma foto de uma obra de arte para dizer que ela foi roubada, quando não foi.",2
"O texto usa a imagem de uma pessoa para dizer que ela é procurada pela polícia, quando não é.",2
"A matéria usa uma foto de um objeto para dizer que ele é antigo, quando é novo.",2
"A publicação usa uma foto de uma pessoa para dizer que ela ganhou na loteria, quando não ganhou.",2
"O texto usa a imagem de um carro para dizer que ele está sendo sorteado, quando não está.",2
"A matéria usa uma foto de uma casa para dizer que ela está sendo doada, quando não está.",2
"A publicação usa uma foto de um animal para dizer que ele está para adoção, quando não está.",2
"O texto usa a imagem de uma pessoa para dizer que ela precisa de um transplante de órgão, quando não precisa.",2
"A matéria usa uma foto de uma criança para dizer que ela está perdida, quando não está.",2
"A publicação usa uma foto de uma pessoa para dizer que ela está oferecendo um serviço, quando não está.",2
"O texto usa a imagem de um produto para dizer que ele é gratuito, quando não é.",2
"A matéria usa uma foto de um evento para dizer que ele é aberto ao público, quando não é.",2
"A publicação usa uma foto de um lugar para dizer que ele está interditado, quando não está.",2
"O texto usa a imagem de uma pessoa para dizer que ela está dando uma palestra, quando não está.",2
"A matéria usa uma foto de um animal para dizer que ele é agressivo, quando não é.",2
"A publicação usa uma foto de uma planta para dizer que ela cura doenças, quando não cura.",2
"O texto usa a imagem de uma moeda para dizer que ela é rara, quando não é.",2
"A matéria usa uma foto de um documento para dizer que ele é secreto, quando não é.",2
"A publicação usa uma foto de uma obra de arte para dizer que ela é falsa, quando é verdadeira.",2
"O texto usa a imagem de uma pessoa para dizer que ela é um herói, quando não é.",2
"A matéria usa uma foto de um objeto para dizer que ele é mágico, quando não é.",2
"A publicação usa uma foto de uma pessoa para dizer que ela é um vilão, quando não é.",2
"O texto usa a imagem de um carro para dizer que ele é o mais rápido do mundo, quando não é.",2
"A matéria usa uma foto de uma casa para dizer que ela é a mais cara do mundo, quando não é.",2
"A publicação usa uma foto de um animal para dizer que ele é o maior do mundo, quando não é.",2
"O texto usa a imagem de uma pessoa para dizer que ela é a mais inteligente do mundo, quando não é.",2
"A matéria usa uma foto de uma criança para dizer que ela é um gênio, quando não é.",2
"A publicação usa uma foto de uma pessoa para dizer que ela é a mais bonita do mundo, quando não é.",2
"O post apresenta dados reais, mas omite o denominador, distorcendo a proporção do fato.",2
"A matéria usa uma citação parcial para inverter o sentido do que foi dito originalmente.",2
"A imagem é real, mas a legenda tendenciosa induz o leitor a uma interpretação errada.",2
"A publicação mistura fatos comprovados com opiniões pessoais para validar um argumento.",2
"A estatística é usada de forma desonesta, comparando períodos de tempo diferentes para forçar uma conclusão.",2
"O texto destaca apenas os pontos negativos de um relatório, ignorando os positivos.",2
"A foto de uma pessoa em um evento é usada para falsamente associá-la aos organizadores.",2
"O post usa uma verdade (um projeto de lei existe) para espalhar uma mentira (ele já foi aprovado).",2
"A matéria usa uma linguagem emotiva para fazer com que dados neutros pareçam alarmantes.",2
"A conclusão do artigo não deriva logicamente das premissas apresentadas, que são fatos reais.",2
"O gráfico usa uma escala truncada para fazer uma pequena variação parecer uma mudança drástica.",2
"A publicação usa um fato científico e o extrapola para uma conclusão pseudocientífica.",2
"Omitir a margem de erro de uma pesquisa é uma forma de apresentar o dado como mais preciso do que ele é.",2
"A reportagem usa o depoimento de uma única pessoa para invalidar um consenso científico.",2
"O post usa uma imagem real de um produto para ilustrar uma falsificação vendida online.",2
"Esta informação, embora verdadeira, refere-se a um evento que ocorreu anos atrás e está sendo apresentada como atual.",3
"A citação foi retirada de seu contexto original, o que altera completamente seu significado e intenção.",3
"A imagem é real, mas pertence a um local e data diferentes dos mencionados na postagem, criando uma narrativa falsa.",3
"O vídeo é autêntico, mas está sendo apresentado como se fosse de um acontecimento recente, o que não é verdade.",3
"A declaração foi feita em uma situação específica que não é mencionada, mudando sua interpretação e impacto.",3
"Este post reaproveita uma notícia antiga como se fosse um fato novo, gerando confusão e desinformação.",3
"A fala da pessoa pública foi cortada e editada para parecer que ela disse algo que nunca disse na íntegra.",3
"A foto é de um evento pacífico, mas foi usada para ilustrar uma matéria sobre violência, distorcendo a realidade.",3
"A informação verdadeira foi aplicada a um cenário completamente diferente para enganar e manipular opiniões.",3
"O costume ou lei mencionado é real, mas de outro país, não do que se alega na publicação. É uma descontextualização geográfica.",3
"O vídeo foi gravado em outro contexto e a legenda atual cria uma narrativa falsa sobre o que está acontecendo.",3
"A postagem omite o contexto histórico, levando a uma má interpretação do fato e de suas causas.",3
"A imagem é de um exercício de treinamento, mas foi divulgada como se fosse um conflito real para gerar pânico.",3
"A notícia é verídica, mas está sendo usada para explicar um problema atual com o qual não tem relação direta.",3
"A declaração foi feita em resposta a uma pergunta específica que foi omitida na publicação, alterando o sentido.",3
"O trecho do documento é autêntico, mas o restante do texto, que o contextualiza, foi suprimido para enganar.",3
"Esta postagem pega um fato isolado e o apresenta como se fosse uma tendência generalizada, o que é falso.",3
"A foto é de uma enchente em outra cidade e está sendo usada para ilustrar a situação local de forma enganosa.",3
"A fala foi traduzida de forma incorreta, perdendo seu contexto e significado originais e criando um mal-entendido.",3
"A informação é verdadeira, mas a data foi alterada para que parecesse mais recente e relevante.",3
"Este vídeo de uma multidão é de um show de música, mas está sendo usado como se fosse um protesto político.",3
"A imagem de um político cumprimentando outro de um partido rival é antiga, mas usada para sugerir uma aliança atual.",3
"O áudio é de uma entrevista antiga, mas está sendo compartilhado como se fosse uma declaração recente.",3
"A estatística sobre criminalidade é real, mas se refere a uma década passada e não à situação atual.",3
"O post mostra uma prateleira de supermercado vazia de outro país para criar pânico sobre desabastecimento local.",3
"A foto de um animal ferido é real, mas não foi causada pelo evento que a postagem alega.",3
"A notícia sobre o fechamento de uma empresa é verdadeira, mas aconteceu há vários anos, não agora.",3
"O vídeo de uma briga é real, mas ocorreu em um contexto totalmente diferente do que a legenda sugere.",3
"A citação de um cientista é precisa, mas se referia a um estudo preliminar que mais tarde foi refutado.",3
"A imagem de uma fila de pessoas é para a compra de ingressos, não para receber ajuda humanitária como diz o post.",3
"A notícia sobre a descoberta de uma cura é de um estudo em fase inicial em animais, não em humanos como se alega.",3
"O vídeo de uma estrutura desabando é de uma demolição controlada, não de um acidente.",3
"A imagem de lixo na praia é real, mas foi tirada após um feriado, não em um dia comum como a legenda afirma.",3
"A declaração de um líder mundial foi feita em um contexto diplomático específico que foi completamente ignorado.",3
"A foto de um hospital lotado é de antes da pandemia, mas está sendo usada para criticar a gestão atual da saúde.",3
"O post usa um clipe de um filme de ficção científica para 'provar' a existência de OVNIs.",3
"A notícia sobre um recall de veículos é verdadeira, mas para um modelo que não é vendido neste país.",3
"O vídeo de um policial agindo de forma violenta é de outro país e de outro período.",3
"A imagem de uma criança chorando é de um contexto familiar, não de uma zona de guerra como se afirma.",3
"O post mostra um gráfico sobre desemprego de um período de crise econômica passada como se fosse atual.",3
"A notícia sobre um alerta meteorológico é real, mas para uma região completamente diferente.",3
"O vídeo que mostra um produto 'milagroso' é de uma demonstração controlada, não de uso real.",3
"A foto de uma rua alagada é de uma monção em um país asiático, não de uma chuva de verão local.",3
"A citação de um livro foi cortada para remover a parte que contradiz a interpretação da postagem.",3
"O post sobre um benefício social se refere a uma proposta que foi rejeitada, não a uma lei em vigor.",3
"A imagem de um rio poluído é real, mas não é do rio que a publicação menciona.",3
"O vídeo de celebração nas ruas é de uma final de campeonato de futebol, não de uma eleição.",3
"A notícia sobre a queda de um avião é verdadeira, mas de um acidente que ocorreu há muitos anos.",3
"A foto de uma pessoa detida está sendo usada para incriminá-la por um crime diferente do que ela cometeu.",3
"O post usa dados de uma pesquisa de opinião de um instituto não confiável e de um ano anterior.",3
"A imagem de uma casa destruída é de um furacão em outra parte do mundo.",3
"O vídeo de um discurso foi editado para remover o 'não', mudando completamente o sentido da frase.",3
"A notícia sobre o aumento de um imposto é de outro país, não do nosso.",3
"A foto de um documento oficial é real, mas se refere a um procedimento administrativo rotineiro, não a um escândalo.",3
"O post usa uma foto de um ator em um papel de médico para promover um tratamento sem base científica.",3
"A notícia sobre a proibição de um alimento é verdadeira, mas se aplica a aditivos específicos, não ao alimento em si.",3
"O vídeo de um suposto 'milagre' é de um truque de mágica conhecido.",3
"A imagem de um político em um evento religioso é de anos atrás, usada agora para questionar sua laicidade.",3
"O post sobre os perigos de uma vacina usa dados de um estudo que foi retirado por fraude.",3
"A notícia sobre a falência de um banco é de 2008, não tem relação com a situação econômica atual.",3
"A foto de um abraço entre líderes de nações rivais é de um encontro protocolar, não de uma aliança política.",3
"O vídeo que mostra um 'fantasma' é, na verdade, um reflexo na janela.",3
"A notícia sobre um novo vírus é real, mas ele afeta apenas plantas, não humanos.",3
"A foto de um cardápio com preços exorbitantes é de um resort de luxo em outro país, não de um restaurante local.",3
"O post sobre uma 'nova lei de trânsito' é, na verdade, um projeto de lei que não foi aprovado.",3
"A imagem de um satélite caindo na Terra é, na verdade, a reentrada de lixo espacial controlada.",3
"O vídeo de um animal 'falando' é uma dublagem humorística, não um fenômeno real.",3
"A notícia sobre a prisão de uma figura pública é de um processo antigo que já foi resolvido.",3
"A foto de uma plantação sendo destruída é de uma praga que ocorreu em outra região agrícola.",3
"O post usa uma imagem de uma simulação de acidente para dizer que o acidente realmente aconteceu.",3
"A notícia sobre a descoberta de uma nova espécie é real, mas a foto que a ilustra é de outra criatura.",3
"O vídeo de um vulcão em erupção é de um evento que ocorreu há uma década em outro continente.",3
"A imagem de um céu com cores estranhas é resultado de um filtro de aplicativo, não de poluição.",3
"O post sobre o fechamento de um hospital é verdadeiro, mas trata-se da ala de um hospital, não da instituição inteira.",3
"A notícia sobre a morte de um ator famoso é um boato antigo que ressurge periodicamente.",3
"A foto de um iceberg gigante perto de uma cidade é uma montagem, a foto original não tem o iceberg.",3
"O vídeo de golfinhos em um rio é real, mas em um rio na Europa, não no Brasil.",3
"A notícia sobre um asteroide em rota de colisão com a Terra é de um objeto que passou a uma distância segura.",3
"A foto de uma lua gigante no horizonte é uma composição de imagens, não uma foto real.",3
"O post sobre uma 'chuva de aranhas' é de um fenômeno de migração que ocorre em locais específicos e não é perigoso.",3
"A notícia sobre um estudo que 'prova' algo é, na verdade, um artigo de opinião sem dados empíricos.",3
"A foto de uma pessoa com uma doença de pele rara está sendo usada para promover um remédio falso.",3
"O vídeo de um suposto ataque terrorista é, na verdade, uma cena de um filme de ação.",3
"A notícia sobre a 'proibição do PIX' é sobre uma regra específica de segurança, não sobre o fim do sistema.",3
"A foto de um soldado chorando é de sua volta para casa, não de sua ida para a guerra.",3
"O post sobre o cancelamento de um concurso público se refere a um edital de outra cidade.",3
"A imagem de um 'chip da besta' é, na verdade, um microchip de identificação para animais de estimação.",3
"O vídeo de uma 'cidade fantasma' é de um set de filmagem abandonado.",3
"A notícia sobre a eficácia de um tratamento alternativo se baseia em depoimentos, não em estudos clínicos.",3
"A foto de um rio seco é de um período de seca de vários anos atrás, não da situação hídrica atual.",3
"O post sobre uma 'nova doença' é a descrição de sintomas de uma condição médica já conhecida.",3
"A imagem de uma criatura marinha estranha é de uma espécie que vive em águas profundas e não na costa.",3
"O vídeo de uma pessoa levitando é um truque de ilusionismo.",3
"A notícia sobre a descoberta de uma pirâmide na Amazônia é um boato antigo e sem fundamento.",3
"A foto de um político com um criminoso é de um evento público onde várias pessoas tiraram fotos com ele.",3
"O post sobre o 'fim do 13º salário' é sobre uma proposta isolada que não tem chance de ser aprovada.",3
"A imagem de um 'alimento de plástico' é de um item de mostruário em um restaurante asiático.",3
"O vídeo de uma explosão é de um acidente industrial antigo, não de um atentado recente.",3
"A notícia sobre a contaminação da água se refere a um caso isolado que já foi resolvido.",3
"A foto de um desmatamento é de outro país com florestas tropicais, não do Brasil.",3
"O post sobre os 'benefícios' de não se vacinar ignora todo o consenso científico sobre o assunto.",3
"A imagem de uma criança trabalhando é de um país com legislação trabalhista diferente, de décadas atrás.",3
"O vídeo de um 'OVNI' é, na verdade, um drone com luzes de LED.",3
"A notícia sobre a cura do câncer se refere a um tipo muito específico de tumor, não a todos.",3
"A foto de um policial ajudando um manifestante é um evento isolado em um protesto que teve momentos de tensão.",3
"O post sobre a 'nova ordem mundial' usa símbolos antigos e fora de contexto para criar uma teoria da conspiração.",3
"A imagem de uma ponte desabando é de uma demolição programada.",3
"O vídeo de uma pessoa sendo 'curada' em um culto religioso não tem comprovação médica.",3
"A notícia sobre a descoberta de uma cidade perdida é baseada em especulações, não em evidências arqueológicas.",3
"A foto de um animal em um ambiente urbano é uma montagem.",3
"O post sobre uma 'invasão' de imigrantes usa imagens de uma crise de refugiados em outra parte do mundo.",3
"A imagem de uma 'fruta gigante' é resultado de uma técnica de fotografia de perspectiva forçada.",3
"O vídeo de um suposto 'lobisomem' é de uma campanha de marketing viral.",3
"A notícia sobre a proibição de um videogame é de outro país com leis de censura mais rígidas.",3
"A foto de um céu apocalíptico é de uma tempestade de areia em uma região desértica.",3
"O post sobre a 'ideologia de gênero' nas escolas distorce materiais didáticos e propostas pedagógicas.",3
"A imagem de um suposto 'chupa-cabra' é de um animal com sarna.",3
"O vídeo de um político fazendo uma declaração polêmica é antigo e de um contexto completamente diferente.",3
"A notícia sobre os riscos de um alimento popular omite informações sobre o consumo moderado.",3
"A foto de um 'rio de sangue' é de um rio poluído por um corante industrial inofensivo.",3
"O post sobre a 'terra plana' ignora séculos de evidências científicas.",3
"A imagem de um 'anjo' no céu é um fenômeno óptico conhecido como pareidolia.",3
"O vídeo de um 'milagre' da natureza é um lapso de tempo (time-lapse) de um processo natural.",3
"A notícia sobre a descoberta de vida em Marte é sobre a descoberta de possíveis bioassinaturas, não de seres vivos.",3
"A foto de um político em uma situação comprometedora é de uma festa à fantasia.",3
"O post sobre os 'perigos do 5G' não tem nenhuma base científica.",3
"A imagem de um 'esqueleto de gigante' é de um concurso de Photoshop.",3
"O vídeo de um 'portal' se abrindo no céu é um efeito especial de um vídeo amador.",3
"A notícia sobre a 'memória da água' é sobre uma teoria pseudocientífica sem comprovação.",3
"A foto de um 'carro voador' é de um protótipo que ainda não está em produção.",3
"O post sobre a 'cura quântica' usa termos científicos fora de contexto para promover uma terapia sem eficácia.",3
"A imagem de um 'bebê com duas cabeças' é uma montagem.",3
"O vídeo de um 'tsunami' em um lago é de um fenômeno natural raro e localizado, não de uma catástrofe iminente.",3
"A notícia sobre a 'telepatia' ser comprovada cientificamente é falsa.",3
"A foto de um 'círculo de fadas' é de um fenômeno natural causado por fungos.",3
"O post sobre 'energia livre' é sobre uma teoria que viola as leis da termodinâmica.",3
"A imagem de uma 'sereia' encontrada na praia é uma escultura.",3
"Este vídeo de uma briga é real, mas aconteceu em outro país, não na cidade mencionada.",3
"A foto do político é autêntica, mas foi tirada anos antes do escândalo ao qual está sendo associada.",3
"A declaração foi feita em tom de ironia, mas o post a apresenta como uma afirmação literal.",3
"A notícia sobre o fechamento de lojas é verdadeira, mas se refere a uma reestruturação da empresa, não à falência.",3
"O vídeo de uma celebração está sendo usado para representar um protesto, mudando totalmente seu significado.",3
"Esta lei realmente existe, mas se aplica a uma situação muito específica e não da forma generalizada como o post sugere.",3
"A imagem de um rio poluído é real, mas de um incidente que ocorreu há uma década e já foi resolvido.",3
"A fala foi traduzida de forma literal, perdendo as nuances culturais e o sentido original.",3
"Este post mostra uma prática cultural de outro povo como se fosse algo bizarro e sem explicação.",3
"A foto de um hospital lotado é de um filme, mas está sendo usada para criticar o sistema de saúde.",3
"A regra mencionada se aplica a militares em serviço, não à população civil como o post alega.",3
"O documento apresentado é real, mas é apenas um rascunho de uma proposta que nunca foi adiante.",3
"A foto da prateleira vazia é de um dia antes de um feriado, não um sinal de desabastecimento.",3
"A citação é de um personagem de ficção de um livro, mas está sendo atribuída ao autor como sua opinião pessoal.",3
"O vídeo do desastre natural é real, mas a narração em áudio foi adicionada posteriormente e contém informações falsas.",3
"Este perfil se passa por um jornalista conhecido para espalhar informações falsas e ganhar notoriedade.",4
"O site que publicou esta notícia imita a aparência de um portal de notícias famoso para enganar os leitores.",4
"A conta que compartilhou este conteúdo não é a oficial da instituição que alega representar. Verifique o selo de verificação.",4
"Este e-mail parece ser de uma organização legítima, mas é uma tentativa de fraude (phishing) para roubar seus dados.",4
"A publicação utiliza o nome e a foto de uma pessoa pública sem autorização para dar credibilidade a uma mentira.",4
"Este 'comunicado oficial' não foi divulgado nos canais oficiais da empresa. É uma farsa.",4
"A página que está divulgando a promoção não é a página real da marca. Desconfie de ofertas muito boas.",4
"Este perfil foi criado recentemente e se passa por uma autoridade no assunto para enganar e vender produtos falsos.",4
"O logotipo utilizado nesta publicação é uma imitação do original, para ludibriar o leitor desatento.",4
"Cuidado: o endereço do site é muito parecido com o de um veículo de imprensa confiável, mas não é o mesmo (typosquatting).",4
"A pessoa que enviou esta mensagem está se passando por um funcionário de uma instituição financeira para pedir seus dados.",4
"A publicação cita uma 'fonte interna' que não existe para dar um ar de legitimidade à mentira e ao boato.",4
"Este perfil se apropria da identidade visual de um órgão governamental para disseminar desinformação e pânico.",4
"A entrevista que está sendo compartilhada nunca aconteceu e foi criada para se parecer com o formato de um programa conhecido.",4
"O 'especialista' citado nesta matéria não possui as credenciais que alega ter. É uma fraude.",4
"A conta que está promovendo este produto não é a representante oficial da marca no país.",4
"O selo de 'verificado' nesta página é falso e foi inserido na imagem de perfil para enganar os seguidores.",4
"A publicação atribui a autoria da frase a uma personalidade famosa que nunca a proferiu para dar peso ao argumento.",4
"O suposto 'documento vazado' foi criado para se parecer com um documento oficial, mas é uma farsa completa.",4
"Este perfil utiliza táticas de engenharia social para se passar por alguém de confiança e obter informações suas.",4
"A mensagem de WhatsApp que você recebeu não é de um amigo, mas de um golpista que clonou o número dele.",4
"O site de comércio eletrônico tem um design idêntico ao de uma loja famosa, mas é uma página falsa para roubar dados de cartão de crédito.",4
"A pessoa que ligou se passando por um pesquisador de um instituto de pesquisa era um golpista.",4
"O 'movimento social' que organiza o protesto é, na verdade, uma fachada criada por um grupo com outros interesses.",4
"O e-mail do 'suporte técnico' pedindo sua senha é falso. Empresas legítimas nunca pedem sua senha.",4
"A conta no Twitter que critica um político não é de um cidadão comum, mas um bot disfarçado.",4
"A 'agência de notícias' que divulgou o furo é um site de desinformação com nome parecido ao de uma agência real.",4
"O 'médico' que promove uma cura milagrosa nas redes sociais teve seu registro cassado.",4
"A mensagem de SMS oferecendo um prêmio em nome de uma empresa é um golpe.",4
"O perfil que pede doações para uma criança doente não é da família da criança e o dinheiro não chegará a ela.",4
"O site que oferece investimentos com lucros altíssimos se passa por uma corretora, mas é um esquema de pirâmide.",4
"O 'jornalista' que assina a matéria não existe e a foto de perfil é de um banco de imagens.",4
"A 'instituição de caridade' que pede sua ajuda não tem registro e é uma fraude.",4
"O aplicativo que você baixou se passa por um jogo popular, mas é um malware para roubar seus dados.",4
"A 'pesquisa científica' citada foi publicada em uma revista predatória, que não faz revisão por pares.",4
"O perfil que te adicionou se passa por um parente distante, mas é um golpista.",4
"A 'consultoria' que oferece limpar seu nome é uma empresa fantasma.",4
"O 'agente de recrutamento' que entrou em contato pelo LinkedIn não trabalha na empresa que diz representar.",4
"O site que vende ingressos para um show se parece com o oficial, mas é falso.",4
"A 'organização não governamental' que critica uma política pública foi criada por um lobby do setor interessado.",4
"O e-mail que parece ser da Receita Federal com um link para 'regularizar seu CPF' é um golpe.",4
"A conta que comenta em várias publicações se passando por um especialista é, na verdade, um perfil falso para manipular a discussão.",4
"O 'advogado' que oferece ajuda em um grupo de discussão não tem registro na OAB.",4
"O site de notícias locais é, na verdade, mantido por um grupo político para atacar adversários.",4
"A 'testemunha' do evento que deu entrevista a vários veículos é um ator contratado.",4
"O perfil de uma bela mulher que te adicionou é um 'catfish', um perfil falso usado para aplicar golpes.",4
"A 'loja' no Instagram que vende produtos importados não entrega as mercadorias.",4
"O 'líder comunitário' que fala em nome do bairro não foi eleito nem tem representatividade.",4
"A 'clínica de estética' que oferece procedimentos a preços baixos não tem autorização da vigilância sanitária.",4
"O 'professor universitário' que defende uma teoria conspiratória não tem vínculo com a universidade que alega.",4
"O e-mail de 'confirmação de compra' de um produto que você não comprou é uma isca para você clicar em um link malicioso.",4
"A conta que se passa por um 'hacker ético' e ameaça vazar seus dados é de um extorsionário.",4
"O 'instituto de pesquisa' que divulgou a enquete eleitoral não é registrado no Tribunal Superior Eleitoral.",4
"O 'fundo de investimento' que promete rendimentos garantidos é uma fraude.",4
"O 'coach' que vende fórmulas para o sucesso não tem nenhuma formação na área.",4
"A 'agência de viagens' que oferece pacotes muito baratos é uma empresa de fachada.",4
"O 'sindicato' que convoca uma greve não representa a categoria.",4
"A 'ONG de direitos humanos' que denuncia uma violação é financiada por um governo estrangeiro com interesses geopolíticos.",4
"O 'analista de mercado' que prevê uma crise iminente está a serviço de especuladores.",4
"O site que oferece 'crédito fácil' sem consulta ao SPC/Serasa é um golpe.",4
"O 'vidente' que prevê catástrofes nas redes sociais já errou todas as suas previsões.",4
"A 'associação de pacientes' que defende um medicamento é financiada pela indústria farmacêutica que o produz.",4
"O 'portal de notícias gospel' é, na verdade, um site de propaganda política disfarçada.",4
"O 'movimento pela liberdade de expressão' é, na verdade, um grupo que defende discursos de ódio.",4
"O 'especialista em segurança pública' que defende a violência policial nunca trabalhou na área.",4
"A 'página de fãs' de um artista é, na verdade, uma página de ódio contra um rival.",4
"O 'defensor dos animais' que pede doações já foi condenado por maus-tratos.",4
"A 'cooperativa habitacional' que vende terrenos baratos é um esquema de grilagem de terras.",4
"O 'portal da transparência' que você está acessando é uma cópia do site oficial, criada para enganar.",4
"O 'filantropo' que doa grandes quantias para causas sociais é um empresário que explora seus funcionários.",4
"A 'escola de idiomas' que oferece um método revolucionário é uma fraude.",4
"O 'grupo de cidadãos preocupados' é, na verdade, uma frente de uma empresa poluidora.",4
"O 'jornal do bairro' é financiado por um político local para autopromoção.",4
"A 'clínica de reabilitação' que promete curar o vício em drogas usa métodos violentos e ilegais.",4
"O 'site de checagem de fatos' é, na verdade, um site de desinformação que se disfarça para parecer confiável.",4
"O 'influenciador digital' que promove um estilo de vida saudável vende produtos que não são saudáveis.",4
"A 'empresa de segurança' que oferece proteção para sua casa é uma quadrilha que planeja assaltos.",4
"O 'líder indígena' que fala em um evento internacional não é reconhecido por sua comunidade.",4
"O 'think tank' que produz relatórios sobre economia é financiado por bancos para defender seus interesses.",4
"O 'portal de notícias sobre celebridades' inventa fofocas para ganhar cliques.",4
"A 'organização de ajuda humanitária' que atua em zonas de conflito é uma fachada para espionagem.",4
"O 'guia espiritual' que promete a iluminação é um charlatão que explora a fé das pessoas.",4
"A 'empresa de marketing multinível' que promete enriquecimento rápido é um esquema de pirâmide.",4
"O 'blog de viagens' que só elogia certos hotéis é pago por eles para fazer publicidade disfarçada.",4
"O 'analista político' que comenta na TV é pago por um partido político.",4
"A 'associação de consumidores' que recomenda um produto é patrocinada pela empresa que o fabrica.",4
"O 'portal de notícias sobre saúde' é mantido por uma empresa de planos de saúde para promover seus serviços.",4
"O 'movimento ambientalista' que protesta contra uma hidrelétrica é financiado por uma empresa de energia concorrente.",4
"O 'educador financeiro' que ensina a investir está, na verdade, recrutando pessoas para um golpe.",4
"A 'página de humor' que faz piadas sobre política é, na verdade, uma ferramenta de propaganda.",4
"O 'cidadão comum' que viralizou com um vídeo de opinião é um ator contratado por uma agência de marketing.",4
"A 'fonte do governo' que vazou a informação para a imprensa é, na verdade, o próprio governo querendo testar a reação do público.",4
"O 'site de comparação de preços' que você usou pertence a uma das lojas que ele 'compara', e por isso ela sempre parece mais barata.",4
"O 'grupo de mães' que alerta sobre os perigos de um produto infantil é financiado por uma empresa concorrente.",4
"O 'pastor' que pede dízimo pelo WhatsApp não pertence a nenhuma igreja.",4
"O 'policial' que te abordou na rua e pediu dinheiro para não te multar era um criminoso disfarçado.",4
"O 'fiscal da prefeitura' que foi à sua loja e pediu propina não era um funcionário público.",4
"O 'entregador' que pediu para você pagar a taxa de entrega novamente era um golpista.",4
"A 'babá' que você contratou pela internet não tinha as referências que apresentou.",4
"O 'mecânico' que disse que seu carro precisava de um conserto caro estava mentindo para ganhar mais dinheiro.",4
"O 'técnico de informática' que foi à sua casa e instalou um programa espião no seu computador.",4
"O 'corretor de imóveis' que vendeu um apartamento que já tinha sido vendido para outra pessoa.",4
"O 'agente de viagens' que te vendeu um pacote de viagens para um hotel que não existia.",4
"O 'organizador de eventos' que fugiu com o dinheiro dos noivos.",4
"O 'advogado' que pegou o dinheiro do cliente e não entrou com o processo.",4
"O 'médico' que receitou um remédio caro e desnecessário porque ganhava comissão do laboratório.",4
"O 'dentista' que fez um tratamento que você não precisava.",4
"O 'professor particular' que não tinha a formação que dizia ter.",4
"O 'personal trainer' que te passou um treino que te machucou.",4
"O 'nutricionista' que te vendeu um suplemento alimentar falso.",4
"O 'psicólogo' que te deu conselhos que te fizeram mal.",4
"O 'veterinário' que fez um diagnóstico errado do seu animal de estimação.",4
"O 'contador' que desviou o dinheiro da sua empresa.",4
"O 'arquiteto' que fez um projeto que não podia ser executado.",4
"O 'engenheiro' que usou material de baixa qualidade na sua obra.",4
"O 'eletricista' que fez uma instalação que causou um curto-circuito.",4
"O 'bombeiro hidráulico' que não consertou o vazamento direito.",4
"O 'pintor' que não pintou a sua casa direito.",4
"O 'jardineiro' que não cuidou do seu jardim direito.",4
"O 'diarista' que não limpou a sua casa direito.",4
"O 'cozinheiro' que não preparou a sua comida direito.",4
"O 'motorista' que não te levou ao seu destino direito.",4
"O 'guia turístico' que não te mostrou os pontos turísticos direito.",4
"O 'tradutor' que não traduziu o seu documento direito.",4
"O 'revisor' que não revisou o seu texto direito.",4
"O 'designer' que não fez o seu logo direito.",4
"O 'programador' que não fez o seu site direito.",4
"O 'fotógrafo' que não tirou as suas fotos direito.",4
"O 'cinegrafista' que não filmou o seu evento direito.",4
"O 'músico' que não tocou a sua música direito.",4
"O 'ator' que não atuou no seu filme direito.",4
"O 'dançarino' que não dançou a sua coreografia direito.",4
"O 'cantor' que não cantou a sua canção direito.",4
"O 'escritor' que não escreveu o seu livro direito.",4
"O 'poeta' que não escreveu o seu poema direito.",4
"O 'jornalista' que não escreveu a sua matéria direito.",4
"O 'publicitário' que não fez a sua campanha direito.",4
"O 'relações públicas' que não cuidou da sua imagem direito.",4
"O 'marketeiro' que não divulgou o seu produto direito.",4
"O 'vendedor' que não vendeu o seu produto direito.",4
"O 'gerente' que não gerenciou a sua equipe direito.",4
"O 'diretor' que não dirigiu a sua empresa direito.",4
"O 'presidente' que não presidiu o seu país direito.",4
"O 'político' que não representou o seu povo direito.",4
"O 'eleitor' que não votou no seu candidato direito.",4
"O 'cidadão' que não exerceu a sua cidadania direito.",4
"O 'ser humano' que não viveu a sua vida direito.",4
"Este perfil no Instagram usa um nome e logo muito parecidos com os de uma loja famosa para aplicar golpes.",5
"O boleto que você recebeu por e-mail tem a identidade visual do seu banco, mas o beneficiário é um fraudador.",5
"A página que está fazendo o sorteio não é a oficial da marca; verifique sempre o selo azul de verificação.",5
"O 'especialista' que dá conselhos financeiros no vídeo não tem registro na CVM.",5
"O site de notícias que publicou a matéria tem um domínio terminado em '.com.co', imitando o '.com' do portal verdadeiro.",5
"A mensagem no WhatsApp pedindo dinheiro usa a foto de um amigo, mas o número foi clonado ou é um novo golpe.",5
"Este 'comunicado do governo' não está publicado no Diário Oficial nem nos sites ministeriais.",5
"A pessoa que se apresenta como 'pesquisador da universidade' não consta no diretório de funcionários da instituição.",5
"O e-mail da 'sua operadora de cartão' informando uma compra suspeita é phishing para roubar sua senha.",5
"A 'ONG' que pede doações por PIX não tem CNPJ nem site oficial.",5
"O perfil que ataca um candidato se passa por um eleitor comum, mas é uma conta falsa criada para esse fim.",5
"O 'jornal' que circula em PDF é uma publicação anônima que imita o layout de jornais conhecidos.",5
"A 'agência de modelos' que entrou em contato pelo direct não tem endereço físico nem registro.",5
"O 'funcionário da companhia de luz' que quer entrar na sua casa para uma 'inspeção' não tem um crachá ou ordem de serviço oficial.",5
"A 'entrevista' com uma autoridade foi forjada, usando trechos de várias falas diferentes para montar as respostas.",5
"Este vídeo foi editado para alterar a ordem dos acontecimentos e criar uma narrativa falsa e caluniosa.",5
"A imagem foi alterada digitalmente para inserir uma pessoa que não estava na cena original, forjando uma prova.",5
"O áudio desta gravação foi manipulado para mudar o que a pessoa realmente disse, usando trechos de outras falas.",5
"A fotografia teve suas cores e sombras alteradas para criar um clima dramático que não existia no momento da foto.",5
"Este documento é uma versão alterada do original, com trechos importantes removidos para esconder a verdade.",5
"O vídeo está sendo reproduzido em velocidade mais lenta para dar a falsa impressão de que a pessoa está embriagada.",5
"A captura de tela da conversa foi forjada, com mensagens que nunca foram enviadas para incriminar alguém.",5
"A imagem foi recortada para omitir parte da cena que mudaria completamente seu contexto e significado.",5
"Este é um exemplo de 'deepfake', onde o rosto de uma pessoa foi sobreposto ao de outra em um vídeo para criar uma situação falsa.",5
"O áudio foi editado para juntar palavras de frases diferentes e criar uma nova declaração que nunca foi dita.",5
"O cenário ao fundo da foto foi adicionado digitalmente para fazer parecer que a pessoa estava em outro lugar.",5
"A placa ou cartaz que aparece na imagem teve seu texto alterado por meio de edição para criar uma mensagem de protesto falsa.",5
"O vídeo combina cenas de diferentes eventos para parecer que aconteceram no mesmo lugar e hora, inflando um acontecimento.",5
"A data e a hora que aparecem na gravação de segurança foram adulteradas para criar um álibi falso.",5
"A imagem foi espelhada (invertida horizontalmente) para confundir a identificação do local onde a foto foi tirada.",5
"Os sorrisos nos rostos das pessoas nesta foto foram adicionados digitalmente para passar uma falsa imagem de felicidade.",5
"O áudio de fundo do vídeo foi substituído para mudar a atmosfera da cena, de pacífica para violenta.",5
"Este é um 'shallowfake', um vídeo que foi manipulado com técnicas mais simples, como cortes e mudanças de velocidade, para enganar.",5
"A tradução da legenda no vídeo foi intencionalmente distorcida para criar um sentido que não existe no áudio original.",5
"O logotipo de um canal de notícias foi inserido neste vídeo para dar-lhe falsa credibilidade e enganar o espectador.",5
"A foto de um político foi editada para colocá-lo ao lado de um criminoso conhecido.",5
"O vídeo foi acelerado para fazer parecer que um carro estava em alta velocidade.",5
"Um áudio de uma pessoa foi desacelerado para que sua voz parecesse arrastada, simulando embriaguez.",5
"A imagem de um documento foi editada para alterar valores e datas.",5
"Um vídeo mostra uma pessoa falando, mas o áudio foi trocado por uma dublagem que diz coisas ofensivas.",5
"Uma foto de um protesto foi editada para adicionar mais pessoas e fazer com que parecesse maior.",5
"Uma captura de tela de uma rede social foi editada para mostrar um post que a pessoa nunca fez.",5
"O vídeo foi editado para remover o momento em que a agressão foi iniciada pela suposta 'vítima'.",5
"A imagem de um produto foi alterada para parecer maior e mais atraente do que é na realidade.",5
"Um áudio foi limpo de ruídos para isolar uma frase e usá-la fora de contexto.",5
"Uma foto de uma paisagem teve elementos, como lixo, removidos digitalmente para parecer mais limpa.",5
"Um vídeo teve a sua cor corrigida para tornar uma cena noturna em diurna.",5
"Uma gravação de voz foi modificada para soar como a de outra pessoa.",5
"Uma foto de um encontro entre líderes teve a expressão facial de um deles alterada para parecer raiva.",5
"Um vídeo teve o áudio de aplausos inserido para dar a impressão de que um discurso foi bem recebido.",5
"Uma imagem de satélite foi editada para remover a presença de desmatamento em uma área.",5
"Uma captura de tela de um e-mail foi forjada para 'provar' uma comunicação que nunca existiu.",5
"Um vídeo foi cortado para mostrar apenas a reação de uma pessoa, sem mostrar o que a causou.",5
"A foto de uma pessoa foi editada para fazê-la parecer mais magra ou mais musculosa.",5
"Um áudio de uma conversa telefônica foi editado para remover as perguntas do entrevistador, deixando apenas as respostas.",5
"Uma foto teve sua legenda original apagada e substituída por uma falsa.",5
"Um vídeo de um evento esportivo foi editado para mostrar um resultado diferente do real.",5
"Uma imagem de um gráfico foi alterada para mostrar uma tendência de crescimento em vez de queda.",5
"Um áudio foi editado para remover pausas e hesitações, fazendo a pessoa parecer mais confiante.",5
"Uma foto de um acidente de trânsito teve placas de carro adulteradas para culpar um inocente.",5
"Um vídeo foi editado para inserir legendas falsas que não correspondem ao que está sendo dito.",5
"Uma imagem de um animal foi editada para criar uma 'nova espécie' que não existe.",5
"Um áudio de uma música foi alterado para incluir mensagens subliminares.",5
"Uma foto de um produto em um supermercado teve seu preço alterado digitalmente para parecer mais barato.",5
"Um vídeo de uma reportagem de TV foi editado para remover a logo da emissora e ser compartilhado como 'vídeo amador'.",5
"Uma imagem de um mapa foi alterada para remover ou adicionar territórios.",5
"Um áudio foi distorcido para que a pessoa não pudesse ser identificada.",5
"Uma foto de um prato de comida teve ingredientes adicionados digitalmente para parecer mais apetitoso.",5
"Um vídeo teve a ordem das cenas trocada para contar uma história diferente.",5
"Uma imagem de um extrato bancário foi forjada para mostrar um saldo que não é real.",5
"Um áudio foi editado para parecer uma confissão de um crime.",5
"Uma foto de um céu noturno teve estrelas e galáxias adicionadas para parecer mais espetacular.",5
"Um vídeo de uma câmera de segurança foi editado para apagar a imagem de um dos envolvidos.",5
"Uma imagem de uma obra de arte foi alterada para incluir um detalhe anacrônico.",5
"Um áudio de um discurso foi editado para inserir uma ofensa que não foi dita.",5
"Uma foto de um evento histórico foi colorizada de forma imprecisa para transmitir uma emoção que não era a original.",5
"Um vídeo foi invertido para que as ações parecessem acontecer ao contrário.",5
"Uma imagem de um diploma foi falsificada para incluir o nome de uma pessoa.",5
"Um áudio de uma ligação para um serviço de emergência foi editado para parecer um trote.",5
"Uma foto de uma pessoa em um local público foi editada para remover outras pessoas ao redor.",5
"Um vídeo teve sua trilha sonora trocada para criar um clima de suspense ou comédia que não existia.",5
"Uma imagem de um tweet foi criada com uma ferramenta online, não é uma captura de tela real.",5
"Um áudio foi editado para juntar duas conversas diferentes em uma só.",5
"Uma foto de uma pessoa doente foi editada para agravar a aparência de sua condição.",5
"Um vídeo teve um objeto digital inserido na cena para parecer que estava lá.",5
"Uma imagem de um recibo foi alterada para solicitar um reembolso maior.",5
"Um áudio de uma reunião confidencial foi editado para vazar apenas as partes que interessavam a um grupo.",5
"Uma foto de um animal em cativeiro foi editada para parecer que ele estava na natureza.",5
"Um vídeo foi estabilizado digitalmente para esconder o fato de que o cinegrafista estava correndo.",5
"Uma imagem de uma ultrassonografia foi alterada para mostrar algo que não estava lá.",5
"Um áudio foi editado para remover gaguejos e vícios de linguagem.",5
"Uma foto de um cardápio de restaurante teve seus preços alterados.",5
"Um vídeo foi editado para sincronizar a fala de uma pessoa com um discurso de outra.",5
"Uma imagem de uma radiografia foi alterada para mostrar uma fratura que não existia.",5
"Um áudio foi editado para criar uma 'mensagem do além' em uma gravação de psicofonia.",5
"Uma foto de um local histórico teve pichações removidas digitalmente.",5
"Um vídeo teve o áudio de tiros adicionado para fazer uma manifestação pacífica parecer violenta.",5
"Uma imagem de uma fatura foi falsificada para sonegar impostos.",5
"Um áudio de um depoimento foi editado para incriminar um inocente.",5
"Uma foto de um nascer do sol teve suas cores saturadas para parecer mais bonito.",5
"Um vídeo foi editado para remover a marca d'água do criador original.",5
"Uma imagem de uma planta foi alterada para parecer uma nova espécie.",5
"Um áudio foi editado para remover uma pergunta embaraçosa feita a um político.",5
"Uma foto de uma pessoa em um evento foi editada para remover um 'penetra'.",5
"Um vídeo foi editado para fazer parecer que um truque de mágica era real.",5
"Uma imagem de uma certidão de nascimento foi falsificada.",5
"Um áudio foi editado para parecer que uma pessoa estava confessando um caso extraconjugal.",5
"Uma foto de uma cidade foi editada para remover a poluição do ar.",5
"Um vídeo teve a sua velocidade alterada em pontos específicos para criar um efeito cômico.",5
"Uma imagem de um passaporte foi falsificada.",5
"Um áudio foi editado para criar uma 'prova' de assédio.",5
"Uma foto de um produto foi editada para esconder um defeito.",5
"Um vídeo foi editado para remover uma pessoa de uma filmagem de família.",5
"Uma imagem de um exame de sangue foi alterada para mostrar resultados diferentes.",5
"Um áudio foi editado para fazer uma pessoa parecer culpada de um crime.",5
"Uma foto de uma pessoa famosa foi editada para fazê-la parecer que endossava um produto.",5
"Um vídeo foi editado para remover o contexto de uma piada, fazendo-a parecer uma ofensa grave.",5
"Uma imagem de um contrato foi alterada para mudar suas cláusulas.",5
"Um áudio foi editado para fazer uma pessoa parecer que estava sob o efeito de drogas.",5
"Uma foto de uma pessoa foi editada para colocá-la em um cenário exótico.",5
"Um vídeo foi editado para remover um erro cometido por um atleta durante uma competição.",5
"Uma imagem de uma identidade foi falsificada.",5
"Um áudio foi editado para fazer uma pessoa parecer que estava ameaçando outra.",5
"Uma foto de um político foi editada para fazê-lo parecer que estava dormindo durante uma sessão.",5
"Um vídeo foi editado para remover um deslize verbal de uma figura pública.",5
"Uma imagem de um boletim escolar foi alterada para mostrar notas melhores.",5
"Um áudio foi editado para fazer uma pessoa parecer que estava chorando.",5
"Uma foto de um animal foi editada para fazê-lo parecer que estava sorrindo.",5
"Um vídeo foi editado para remover um momento embaraçoso de uma apresentação.",5
"Uma imagem de uma CNH foi falsificada.",5
"Um áudio foi editado para fazer uma pessoa parecer que estava rindo de uma tragédia.",5
"Uma foto de uma pessoa foi editada para fazê-la parecer mais velha ou mais nova.",5
"Um vídeo foi editado para remover uma gafe de um apresentador de TV.",5
"Uma imagem de um histórico escolar foi falsificado.",5
"Um áudio foi editado para fazer uma pessoa parecer que estava confessando um segredo.",5
"Uma foto de uma pessoa foi editada para adicionar uma tatuagem que ela não tem.",5
"Um vídeo foi editado para remover um erro de filmagem.",5
"Uma imagem de um certificado foi falsificado.",5
"Um áudio foi editado para fazer uma pessoa parecer que estava mentindo.",5
"Uma foto de uma pessoa foi editada para mudar a cor de seus olhos ou cabelo.",5
"Um vídeo foi editado para remover um patrocinador de um evento.",5
"Uma imagem de um testamento foi falsificado.",5
"Um áudio foi editado para fazer uma pessoa parecer que estava sendo sarcástica.",5
"Uma foto de uma pessoa foi editada para remover espinhas ou rugas.",5
"Um vídeo foi editado para remover um produto de uma cena.",5
"Uma imagem de um laudo médico foi falsificado.",5
"Um áudio foi editado para fazer uma pessoa parecer que estava com raiva.",5
"Uma foto de uma pessoa foi editada para fazê-la parecer que estava em um lugar onde nunca esteve.",5
"Um vídeo foi editado para remover uma pessoa de uma entrevista.",5
"Uma imagem de um alvará foi falsificado.",5
"Um áudio foi editado para fazer uma pessoa parecer que estava calma quando estava nervosa.",5
"Uma foto de uma pessoa foi editada para fazê-la parecer que estava com outra pessoa.",5
"Um vídeo foi editado para remover um erro de continuidade.",5
"Uma imagem de uma procuração foi falsificada.",5
"Um áudio foi editado para fazer uma pessoa parecer que estava feliz quando estava triste.",5
"Uma foto de uma pessoa foi editada para fazê-la parecer que estava fazendo algo que não fez.",5
"Um vídeo foi editado para remover uma cena de um filme.",5
"Uma imagem de uma escritura foi falsificada.",5
"Um áudio foi editado para fazer uma pessoa parecer que estava certa quando estava errada.",5
"Uma foto de uma pessoa foi editada para fazê-la parecer que era outra pessoa.",5
"Um vídeo foi editado para remover uma fala de um personagem.",5
"Uma imagem de um registro de imóvel foi falsificado.",5
"A foto foi escurecida e o contraste aumentado para fazer uma pequena nuvem parecer uma tempestade ameaçadora.",5
"O vídeo teve sua velocidade reduzida em um trecho para fazer um movimento normal parecer suspeito.",5
"Um objeto que estava na mão da pessoa na foto original foi apagado digitalmente.",5
"A captura de tela de um site de notícias foi alterada para mudar a manchete original.",5
"O áudio foi editado para remover a pergunta, deixando apenas a resposta 'sim', que parece concordar com algo que não foi perguntado.",5
"A imagem foi recortada de forma a mostrar apenas a reação de uma pessoa, e não a ação que a provocou.",5
"O vídeo usa a técnica de 'deepfake' para colocar o rosto de um artista em uma situação comprometedora.",5
"A placa do carro na imagem foi adulterada digitalmente para incriminar o proprietário de outro veículo.",5
"Um sorriso foi adicionado digitalmente ao rosto de uma pessoa em uma foto para mudar a percepção sobre seu estado emocional.",5
"O áudio de fundo de um vídeo de protesto foi substituído por sons de tiros para criar pânico.",5
"Um documento PDF teve seu texto alterado antes de ser compartilhado.",5
"A imagem de um produto à venda foi editada para esconder arranhões e defeitos.",5
"O vídeo é uma colagem de vários clipes curtos para criar uma sequência de eventos que nunca aconteceu nessa ordem.",5
"A cor da fumaça em uma foto de chaminé industrial foi alterada de branca para preta para sugerir mais poluição.",5
"A marca d'água de um fotógrafo foi removida da imagem para que outros pudessem se apropriar dela.",5
"Esta história foi completamente inventada e não se baseia em nenhum fato real. É pura ficção.",6
"A notícia foi criada do zero com a intenção de enganar e desinformar o público. Não compartilhe.",6
"As pessoas, lugares e eventos descritos nesta publicação são inteiramente fictícios. Não caia nessa.",6
"Não há nenhuma fonte ou evidência que sustente as alegações feitas neste texto. É mentira.",6
"Esta publicação é um boato puro, criado e espalhado sem qualquer fundamento na realidade.",6
"A 'testemunha' citada na matéria não existe e seu depoimento foi inventado para dar credibilidade à farsa.",6
"A imagem que acompanha o texto foi gerada por inteligência artificial e não é uma foto real de um evento.",6
"Todo o conteúdo desta página é falso e foi projetado para parecer uma notícia verdadeira. É um site de desinformação.",6
"O 'instituto de pesquisa' mencionado como fonte desta informação não existe. É uma invenção.",6
"Esta é uma teoria da conspiração sem qualquer base na realidade, criada para gerar medo e desconfiança.",6
"O evento noticiado nunca aconteceu; é uma peça de pura ficção criada para viralizar.",6
"A pessoa retratada nesta 'reportagem' não existe e sua história é falsa do começo ao fim.",6
"O autor criou este conteúdo com o objetivo deliberado de fabricar uma mentira e manipular a opinião pública.",6
"Este conteúdo foi criado para explorar os medos e preconceitos das pessoas com informações inventadas.",6
"A publicação descreve uma cura milagrosa que é completamente falsa e sem respaldo científico. Não acredite.",6
"Este 'alerta' de segurança é um boato fabricado para causar pânico e desordem na população.",6
"A suposta lei que está sendo discutida nesta postagem não existe e nunca foi proposta por nenhum parlamentar.",6
"O vídeo foi totalmente encenado, com atores, para parecer um acontecimento real e espontâneo.",6
"A narrativa apresentada é 100% falsa, do começo ao fim. Todos os elementos são inventados.",6
"Este conteúdo foi produzido por um agente de desinformação para manipular a opinião pública em período eleitoral.",6
"A notícia sobre a descoberta de uma cidade perdida na Amazônia é completamente falsa e recorrente.",6
"A história do homem que ficou rico da noite para o dia com um investimento secreto é uma isca para um golpe.",6
"O post sobre o governo estar implantando chips nas pessoas através da vacina é uma mentira fabricada.",6
"A imagem de um animal híbrido (metade uma coisa, metade outra) é uma criação digital, não um ser real.",6
"A notícia de que uma celebridade morreu é falsa, criada para gerar cliques e comoção.",6
"O 'estudo científico' que prova que chocolate emagrece foi inventado por um grupo de humoristas.",6
"A história da criança com uma doença rara que precisa de compartilhamentos para sobreviver é falsa.",6
"O áudio de um político confessando um crime foi criado usando inteligência artificial.",6
"A notícia de que o mundo vai acabar em uma data específica é um boato sem base astronômica ou científica.",6
"A 'entrevista exclusiva' com um extraterrestre é uma peça de ficção.",6
"A corrente de WhatsApp que promete um prêmio se você compartilhar com 10 amigos é falsa.",6
"A notícia de que um aplicativo famoso vai passar a ser pago é um boato para gerar pânico.",6
"A história de que o governo vai confiscar a poupança da população é uma mentira fabricada.",6
"A imagem de um esqueleto de gigante encontrado em uma escavação arqueológica é falsa.",6
"A notícia de que uma nova rede social vai pagar para você usar é um golpe para roubar dados.",6
"A história de fantasmas em um hospital abandonado foi criada para atrair turistas.",6
"A notícia de que a Terra é plana é uma teoria da conspiração sem nenhuma evidência científica.",6
"A imagem de uma sereia encontrada em uma praia é uma escultura de um artista.",6
"A notícia de que o governo vai proibir a venda de carros a combustão a partir do ano que vem é falsa.",6
"A história de que uma empresa está dando produtos de graça é um golpe para obter suas informações pessoais.",6
"A notícia de que um asteroide vai colidir com a Terra amanhã é falsa e irresponsável.",6
"A imagem de um rio que ficou vermelho de sangue é falsa, trata-se de poluição por corante.",6
"A notícia de que beber água com limão em jejum cura o câncer é uma mentira perigosa.",6
"A história de que o homem nunca foi à Lua é uma teoria da conspiração refutada por inúmeras provas.",6
"A notícia de que um vulcão adormecido entrou em erupção é falsa.",6
"A imagem de um 'chupa-cabra' é, na verdade, a foto de um cachorro com sarna.",6
"A notícia de que o governo está espionando os cidadãos através de seus celulares é uma teoria da conspiração.",6
"A história de que o 11 de setembro foi um trabalho interno do governo americano é uma teoria da conspiração.",6
"A notícia de que os Illuminati controlam o mundo é uma teoria da conspiração.",6
"A imagem de um 'portal para outra dimensão' no céu é um efeito visual criado por computador.",6
"A notícia de que a AIDS foi criada em laboratório é uma teoria da conspiração.",6
"A história de que Elvis Presley está vivo é uma lenda urbana.",6
"A notícia de que o coronavírus foi criado para vender vacinas é uma teoria da conspiração.",6
"A imagem de uma 'cidade no céu' é um fenômeno óptico conhecido como Fata Morgana.",6
"A notícia de que o aquecimento global é uma farsa é uma mentira patrocinada por indústrias de combustíveis fósseis.",6
"A história de que os reptilianos governam o mundo é uma teoria da conspiração.",6
"A notícia de que a vacina causa autismo foi baseada em um estudo fraudulento que já foi desmentido.",6
"A imagem de um 'anjo' voando sobre uma cidade é uma montagem.",6
"A notícia de que a quimioterapia mata mais do que o câncer é uma mentira perigosa.",6
"A história de que o governo esconde a existência de alienígenas é uma teoria da conspiração.",6
"A notícia de que a homeopatia tem a mesma eficácia que um placebo é baseada em evidências científicas, mas a alegação de que 'cura tudo' é fabricada.",6
"A imagem de um 'barco fantasma' no oceano é uma miragem.",6
"A notícia de que a fluoretação da água é um veneno é uma teoria da conspiração.",6
"A história de que o Triângulo das Bermudas é um lugar onde as coisas desaparecem misteriosamente é um mito.",6
"A notícia de que as pirâmides do Egito foram construídas por alienígenas é uma teoria da conspiração.",6
"A imagem de um 'monstro do Lago Ness' é uma farsa conhecida.",6
"A notícia de que a astrologia pode prever o futuro não tem base científica.",6
"A história de que o Pé Grande existe não tem nenhuma prova concreta.",6
"A notícia de que os chemtrails são produtos químicos jogados por aviões para controlar a população é uma teoria da conspiração.",6
"A imagem de uma 'flor do deserto' que floresce em segundos é um vídeo em time-lapse.",6
"A notícia de que a numerologia pode revelar o seu destino é uma pseudociência.",6
"A história de que a Atlântida existiu é um mito.",6
"A notícia de que a radioestesia (uso de varinhas para encontrar água) funciona é falsa.",6
"A imagem de um 'círculo em plantação' feito por alienígenas é, na maioria das vezes, obra de artistas.",6
"A notícia de que a leitura de mãos pode dizer o seu futuro é uma pseudociência.",6
"A história de que o El Dorado, a cidade de ouro, existe é uma lenda.",6
"A notícia de que a telecinesia (mover objetos com a mente) é possível é falsa.",6
"A imagem de um 'OVNI' pairando sobre uma casa é uma montagem.",6
"A notícia de que a percepção extrassensorial (PES) é real não tem comprovação científica.",6
"A história de que a Fonte da Juventude existe é um mito.",6
"A notícia de que a comunicação com os mortos é possível é falsa.",6
"A imagem de um 'poltergeist' movendo objetos é um truque.",6
"A notícia de que a levitação é possível é falsa.",6
"A história de que a transmutação de metais em ouro é possível é um conceito da alquimia, não da ciência.",6
"A notícia de que a viagem no tempo para o passado é possível viola as leis da física como as conhecemos.",6
"A imagem de um 'doppelgänger' (duplo fantasmagórico) é uma coincidência ou montagem.",6
"A notícia de que a criptozoologia (estudo de animais lendários) é uma ciência é falsa.",6
"A história de que a licantropia (transformação em lobisomem) é real é um mito.",6
"A notícia de que a necromancia (comunicação com os mortos para prever o futuro) é possível é falsa.",6
"A imagem de um 'vampiro' é uma representação ficcional.",6
"A notícia de que a possessão demoníaca é um fenômeno real não tem comprovação científica.",6
"A história de que os zumbis são reais é ficção.",6
"A notícia de que as maldições funcionam é superstição.",6
"A imagem de uma 'fada' é uma montagem ou um inseto.",6
"A notícia de que os amuletos da sorte funcionam é superstição.",6
"A história de que os gênios da lâmpada existem é um conto de fadas.",6
"A notícia de que os unicórnios existem é um mito.",6
"A imagem de um 'dragão' é uma representação mitológica.",6
"A notícia de que a magia existe é ficção.",6
"A história de que as poções do amor funcionam é ficção.",6
"A notícia de que os feitiços funcionam é superstição.",6
"A imagem de um 'grifo' é uma criatura mitológica.",6
"A notícia de que os oráculos podem prever o futuro é um mito.",6
"A história de que a pedra filosofal existe é um mito da alquimia.",6
"A notícia de que as runas podem prever o futuro é uma superstição.",6
"A imagem de uma 'esfinge' é uma criatura mitológica.",6
"A notícia de que o tarô pode prever o futuro é uma pseudociência.",6
"A história de que o Santo Graal tem poderes mágicos é uma lenda.",6
"A notícia de que a quiromancia (leitura de mãos) pode prever o futuro é uma pseudociência.",6
"A imagem de um 'centauro' é uma criatura mitológica.",6
"A notícia de que a cafeomancia (leitura da borra de café) pode prever o futuro é uma superstição.",6
"A história de que a tábua ouija pode contatar espíritos não tem comprovação.",6
"A notícia de que a cristalomancia (leitura de cristais) pode prever o futuro é uma superstição.",6
"A imagem de uma 'harpia' é uma criatura mitológica.",6
"A notícia de que a astrologia chinesa pode prever o futuro é uma pseudociência.",6
"A história de que o Livro de Thoth contém feitiços poderosos é um mito.",6
"A notícia de que a cartomancia (leitura de cartas) pode prever o futuro é uma pseudociência.",6
"A imagem de uma 'medusa' é uma criatura mitológica.",6
"A notícia de que a bibliomancia (adivinhação por livros) pode prever o futuro é uma superstição.",6
"A história de que o Necronomicon é um livro real de magia negra é uma invenção do escritor H.P. Lovecraft.",6
"A notícia de que a cleromancia (adivinhação por sorteio) pode prever o futuro é uma superstição.",6
"A imagem de um 'minotauro' é uma criatura mitológica.",6
"A notícia de que a rabdomancia (uso de varinhas para adivinhação) funciona é falsa.",6
"A história de que a Arca da Aliança tem poderes sobrenaturais é um relato religioso, sem comprovação.",6
"A notícia de que a tiromancia (adivinhação por queijo) pode prever o futuro é uma superstição.",6
"A imagem de um 'kraken' é uma lula gigante da mitologia, não um animal real com essas proporções.",6
"A notícia de que a lampadomancia (adivinhação por chamas) pode prever o futuro é uma superstição.",6
"A história de que a Mão da Glória (mão de um enforcado usada como vela) tem poderes mágicos é uma lenda.",6
"A notícia de que a molibdomancia (adivinhação por metal derretido) pode prever o futuro é uma superstição.",6
"A imagem de um 'leprechaun' é uma criatura do folclore irlandês.",6
"A notícia de que a oneiromancia (interpretação de sonhos) pode prever o futuro não tem base científica.",6
"A história de que o Vodu pode criar zumbis é uma deturpação da religião e uma ficção.",6
"A notícia de que a pegomancia (adivinhação por fontes de água) pode prever o futuro é uma superstição.",6
"A imagem de um 'goblin' é uma criatura do folclore europeu.",6
"A notícia de que a scrying (adivinhação por espelhos ou cristais) funciona é falsa.",6
"A história de que os tapetes voadores existem é dos contos das Mil e Uma Noites.",6
"A notícia de que a teimancia (adivinhação por folhas de chá) pode prever o futuro é uma superstição.",6
"A imagem de um 'ciclope' é uma criatura da mitologia grega.",6
"A notícia de que a xilomancia (adivinhação por madeira) pode prever o futuro é uma superstição.",6
"A 'nova lei' que proíbe o uso de celulares na rua é uma invenção completa, não há nenhum projeto sobre isso.",6
"A história do 'ataque de tubarão' no lago da cidade é falsa; não há tubarões nesse ecossistema.",6
"A 'pesquisa' que afirma que donos de gatos são mais inteligentes foi totalmente inventada e não cita metodologia ou autores.",6
"Este 'alerta da Defesa Civil' sobre um tsunami iminente é um boato fabricado para causar pânico; não foi emitido por nenhum órgão oficial.",6
"O vídeo do político recebendo uma mala de dinheiro foi encenado por atores e não envolve a pessoa real.",6
"A suposta promoção 'pague 1, leve 2' daquela companhia aérea é uma farsa para roubar dados de cartão.",6
"A imagem do 'leão que fugiu do zoológico' e está vagando pela cidade foi gerada por IA.",6
"A 'vaga de emprego' que pede um depósito para garantir a entrevista é um golpe; empresas sérias não cobram por processos seletivos.",6
"A notícia de que o WhatsApp passará a ter uma versão paga amanhã é um boato fabricado que circula há anos.",6
"O depoimento da 'ex-funcionária' da empresa farmacêutica revelando uma conspiração é uma peça de ficção.",6
"A 'cura para a calvície' com uma receita caseira descrita no post é totalmente falsa e sem eficácia comprovada.",6
"A corrente sobre o 'sequestro de crianças em vans brancas' é uma lenda urbana sem registros policiais que a confirmem.",6
"A 'descoberta arqueológica' de uma civilização avançada no Brasil é um conteúdo 100% inventado.",6
"O site que oferece cidadania europeia fácil e rápida é uma fraude completa.",6
"A história de que você pode carregar seu celular usando uma batata e um clipe é um boato fabricado; não funciona.",6